date,pm10,pm2_5,nitrogen_dioxide,ozone
2020-01-01 00:00:00+00:00,17.4875,13.1625,8.6125,35.4167
2020-01-02 00:00:00+00:00,10.1167,7.7375,8.3125,27.125
2020-01-03 00:00:00+00:00,5.7458,3.9583,4.7333,55.5417
2020-01-04 00:00:00+00:00,11.7458,7.0667,7.0125,50.25
2020-01-05 00:00:00+00:00,10.5917,6.8625,5.0583,47.375
2020-01-06 00:00:00+00:00,9.4042,6.5417,7.5542,46.8333
2020-01-07 00:00:00+00:00,13.6833,9.2167,6.2042,45.9583
2020-01-08 00:00:00+00:00,4.7333,4.0208,6.125,36.5833
2020-01-09 00:00:00+00:00,2.8333,2.6292,3.4792,50.625
2020-01-10 00:00:00+00:00,4.1625,2.7875,5.9167,60.0
2020-01-11 00:00:00+00:00,10.0792,7.4292,5.0917,51.7917
2020-01-12 00:00:00+00:00,7.95,5.775,3.6333,53.6667
2020-01-13 00:00:00+00:00,4.925,3.8708,3.4625,52.1667
2020-01-14 00:00:00+00:00,3.4417,2.7833,3.2167,59.3333
2020-01-15 00:00:00+00:00,6.1625,4.225,3.8833,63.0833
2020-01-16 00:00:00+00:00,8.55,5.85,4.5792,53.6667
2020-01-17 00:00:00+00:00,5.5417,3.75,4.8083,62.4167
2020-01-18 00:00:00+00:00,8.7542,5.0667,6.375,55.2917
2020-01-19 00:00:00+00:00,14.3167,9.2083,11.2917,45.7917
2020-01-20 00:00:00+00:00,11.9083,7.35,8.8208,49.3333
2020-01-21 00:00:00+00:00,13.425,9.2083,13.4708,37.2083
2020-01-22 00:00:00+00:00,17.975,14.3208,18.4083,27.375
2020-01-23 00:00:00+00:00,8.8167,6.9583,8.775,37.2917
2020-01-24 00:00:00+00:00,29.5708,23.9583,14.9208,20.8333
2020-01-25 00:00:00+00:00,24.625,18.6042,12.1083,28.0417
2020-01-26 00:00:00+00:00,26.1083,20.2375,11.2875,31.625
2020-01-27 00:00:00+00:00,5.6458,4.4833,3.5875,58.8333
2020-01-28 00:00:00+00:00,2.7958,1.8583,3.2875,77.125
2020-01-29 00:00:00+00:00,5.3292,2.8625,3.6333,72.1667
2020-01-30 00:00:00+00:00,5.4875,3.4958,5.8875,54.5
2020-01-31 00:00:00+00:00,2.9708,2.3625,4.1375,55.5833
2020-02-01 00:00:00+00:00,2.975,1.9625,2.15,64.75
2020-02-02 00:00:00+00:00,4.1958,2.3042,1.8125,65.375
2020-02-03 00:00:00+00:00,3.75,2.075,3.175,71.125
2020-02-04 00:00:00+00:00,4.6625,2.3875,5.3167,67.8333
2020-02-05 00:00:00+00:00,8.8458,4.9417,7.2333,61.3333
2020-02-06 00:00:00+00:00,18.5958,13.9458,10.9917,39.3333
2020-02-07 00:00:00+00:00,20.1042,15.2917,15.5542,39.1667
2020-02-08 00:00:00+00:00,20.8542,14.5833,12.1708,36.9167
2020-02-09 00:00:00+00:00,7.4833,5.0,2.2542,63.9583
2020-02-10 00:00:00+00:00,5.1208,2.8167,1.6917,77.0833
2020-02-11 00:00:00+00:00,4.1208,2.3083,1.8458,78.9167
2020-02-12 00:00:00+00:00,5.3917,2.9542,4.025,68.1667
2020-02-13 00:00:00+00:00,4.8083,3.025,4.2917,65.75
2020-02-14 00:00:00+00:00,8.3333,4.775,5.3958,64.5417
2020-02-15 00:00:00+00:00,8.6833,4.9583,2.8458,64.2917
2020-02-16 00:00:00+00:00,4.85,3.1625,1.4292,67.0417
2020-02-17 00:00:00+00:00,3.6167,2.4542,2.5625,76.125
2020-02-18 00:00:00+00:00,5.8292,3.2667,3.8625,65.2917
2020-02-19 00:00:00+00:00,4.975,3.0333,3.3333,69.125
2020-02-20 00:00:00+00:00,5.15,3.5667,3.0333,69.125
2020-02-21 00:00:00+00:00,7.325,3.6792,5.0292,59.125
2020-02-22 00:00:00+00:00,7.375,4.225,4.3875,61.2917
2020-02-23 00:00:00+00:00,3.8167,2.3333,2.2333,60.6667
2020-02-24 00:00:00+00:00,2.875,2.1042,3.45,53.4167
2020-02-25 00:00:00+00:00,3.225,2.1417,2.5125,74.5
2020-02-26 00:00:00+00:00,3.675,2.5333,3.1333,72.6667
2020-02-27 00:00:00+00:00,4.5917,2.9083,6.1417,60.625
2020-02-28 00:00:00+00:00,8.7875,5.5208,6.3333,62.0417
2020-02-29 00:00:00+00:00,11.5333,6.7667,2.2458,66.8333
2020-03-01 00:00:00+00:00,3.25,2.125,1.7333,74.3333
2020-03-02 00:00:00+00:00,3.4875,2.575,4.4417,65.5833
2020-03-03 00:00:00+00:00,7.2083,4.2708,4.5958,64.25
2020-03-04 00:00:00+00:00,9.6875,6.0958,4.5792,61.2083
2020-03-05 00:00:00+00:00,2.5042,2.1792,4.8792,60.4167
2020-03-06 00:00:00+00:00,7.9542,6.4917,8.5542,54.8333
2020-03-07 00:00:00+00:00,13.7958,9.825,5.7125,67.0833
2020-03-08 00:00:00+00:00,5.9833,4.425,2.2083,71.2083
2020-03-09 00:00:00+00:00,5.4333,3.4458,2.9083,69.5417
2020-03-10 00:00:00+00:00,2.8083,2.0667,3.7792,60.5833
2020-03-11 00:00:00+00:00,3.575,2.625,3.0,57.4583
2020-03-12 00:00:00+00:00,4.8208,2.45,1.6708,76.0417
2020-03-13 00:00:00+00:00,7.7958,3.1167,3.1042,67.7083
2020-03-14 00:00:00+00:00,8.0875,4.2708,3.675,55.0
2020-03-15 00:00:00+00:00,5.6625,3.5208,2.0542,66.5
2020-03-16 00:00:00+00:00,17.1667,12.3833,8.1375,50.2083
2020-03-17 00:00:00+00:00,20.3208,15.4875,7.2792,53.1667
2020-03-18 00:00:00+00:00,19.8125,15.0333,5.7542,53.0417
2020-03-19 00:00:00+00:00,21.4625,15.6583,5.325,57.2917
2020-03-20 00:00:00+00:00,34.7125,28.0,11.6625,30.5
2020-03-21 00:00:00+00:00,4.0042,2.7875,3.175,58.0417
2020-03-22 00:00:00+00:00,5.275,3.4,2.45,73.0833
2020-03-23 00:00:00+00:00,6.1083,3.4208,3.075,77.5
2020-03-24 00:00:00+00:00,9.0042,5.6875,3.9958,77.0833
2020-03-25 00:00:00+00:00,16.7125,11.35,4.4458,84.4583
2020-03-26 00:00:00+00:00,20.7167,14.5917,4.6375,80.0417
2020-03-27 00:00:00+00:00,32.8667,22.8375,6.95,69.0417
2020-03-28 00:00:00+00:00,44.2958,29.6167,7.1125,77.1667
2020-03-29 00:00:00+00:00,6.9583,2.825,2.6208,73.625
2020-03-30 00:00:00+00:00,7.1708,3.8958,6.0208,69.2917
2020-03-31 00:00:00+00:00,14.5875,9.85,5.3208,67.625
2020-04-01 00:00:00+00:00,18.4458,12.5,7.9792,70.875
2020-04-02 00:00:00+00:00,24.3917,18.2875,7.4667,66.4167
2020-04-03 00:00:00+00:00,15.4625,9.1583,5.25,64.3333
2020-04-04 00:00:00+00:00,13.8958,8.3542,3.625,75.4583
2020-04-05 00:00:00+00:00,16.1417,10.9625,3.575,89.5417
2020-04-06 00:00:00+00:00,16.1792,10.1833,3.6,94.3333
2020-04-07 00:00:00+00:00,15.8667,10.0583,4.1417,76.125
2020-04-08 00:00:00+00:00,21.1833,12.3375,5.8,99.875
2020-04-09 00:00:00+00:00,25.9208,15.4667,6.725,101.5833
2020-04-10 00:00:00+00:00,20.0875,11.9958,4.9208,89.875
2020-04-11 00:00:00+00:00,12.0667,6.3667,3.225,90.7917
2020-04-12 00:00:00+00:00,14.7,9.6417,3.1917,94.3333
2020-04-13 00:00:00+00:00,15.6083,8.7292,3.0875,73.375
2020-04-14 00:00:00+00:00,12.3458,4.8125,3.3958,78.0833
2020-04-15 00:00:00+00:00,18.4375,10.1,5.2167,80.25
2020-04-16 00:00:00+00:00,17.5083,8.7583,4.8125,80.9167
2020-04-17 00:00:00+00:00,22.4292,11.45,4.4833,76.9583
2020-04-18 00:00:00+00:00,14.7917,8.7583,3.8667,63.5417
2020-04-19 00:00:00+00:00,21.775,17.5458,4.3625,61.875
2020-04-20 00:00:00+00:00,12.5,4.6958,3.3875,87.5
2020-04-21 00:00:00+00:00,14.3375,5.7625,3.6708,94.75
2020-04-22 00:00:00+00:00,15.7917,6.9042,4.0042,96.125
2020-04-23 00:00:00+00:00,17.0417,7.2708,4.8458,99.0
2020-04-24 00:00:00+00:00,25.075,14.3875,6.5625,101.5833
2020-04-25 00:00:00+00:00,17.6208,10.475,4.3792,76.0
2020-04-26 00:00:00+00:00,19.7708,12.4167,4.075,88.3333
2020-04-27 00:00:00+00:00,17.8042,10.1208,4.6625,84.8333
2020-04-28 00:00:00+00:00,8.55,5.1875,2.8625,71.2083
2020-04-29 00:00:00+00:00,6.4208,3.8792,2.5333,68.75
2020-04-30 00:00:00+00:00,3.4,2.0542,1.6458,71.9583
2020-05-01 00:00:00+00:00,3.6042,2.3417,1.3458,69.7083
2020-05-02 00:00:00+00:00,5.4833,3.1542,2.1833,71.25
2020-05-03 00:00:00+00:00,8.1875,4.5375,2.8167,64.125
2020-05-04 00:00:00+00:00,14.3208,11.0125,5.45,56.125
2020-05-05 00:00:00+00:00,12.8875,8.2292,4.85,71.5
2020-05-06 00:00:00+00:00,7.425,3.275,4.4667,84.7083
2020-05-07 00:00:00+00:00,9.3917,4.5875,5.8333,90.0417
2020-05-08 00:00:00+00:00,17.4375,9.275,6.7417,101.875
2020-05-09 00:00:00+00:00,15.0208,10.2333,5.4833,97.375
2020-05-10 00:00:00+00:00,13.0417,9.6875,3.3375,71.0
2020-05-11 00:00:00+00:00,13.2333,3.9125,3.1,69.3333
2020-05-12 00:00:00+00:00,8.6042,3.4167,4.0583,64.375
2020-05-13 00:00:00+00:00,14.1333,8.4708,6.0708,73.125
2020-05-14 00:00:00+00:00,9.3,3.8958,5.8458,71.5
2020-05-15 00:00:00+00:00,11.5792,4.8458,6.625,75.9167
2020-05-16 00:00:00+00:00,9.6833,5.1,4.125,84.9167
2020-05-17 00:00:00+00:00,8.0375,4.4708,3.3792,81.5
2020-05-18 00:00:00+00:00,8.9708,3.6917,3.8417,79.125
2020-05-19 00:00:00+00:00,9.7667,4.0208,5.2,85.5833
2020-05-20 00:00:00+00:00,12.4625,6.7583,5.3917,77.5
2020-05-21 00:00:00+00:00,13.2458,8.7875,4.4917,80.6667
2020-05-22 00:00:00+00:00,8.7917,4.4208,3.8625,65.2083
2020-05-23 00:00:00+00:00,6.6542,2.5958,2.0083,58.9167
2020-05-24 00:00:00+00:00,7.9667,3.7792,2.0875,60.2917
2020-05-25 00:00:00+00:00,11.2292,5.5208,4.3,65.125
2020-05-26 00:00:00+00:00,12.125,6.1583,4.8833,81.7083
2020-05-27 00:00:00+00:00,13.4458,6.3208,5.3375,93.375
2020-05-28 00:00:00+00:00,10.1958,3.5667,5.4333,76.125
2020-05-29 00:00:00+00:00,8.25,2.5333,3.6458,87.0417
2020-05-30 00:00:00+00:00,6.725,2.75,3.2542,83.375
2020-05-31 00:00:00+00:00,5.0917,2.5625,2.4333,79.4167
2020-06-01 00:00:00+00:00,6.1625,3.2,3.1375,82.4583
2020-06-02 00:00:00+00:00,10.8417,3.5917,4.0208,98.5833
2020-06-03 00:00:00+00:00,11.6333,5.2667,5.4125,94.25
2020-06-04 00:00:00+00:00,16.225,10.5625,6.5958,61.6667
2020-06-05 00:00:00+00:00,5.7958,3.3917,2.8375,53.375
2020-06-06 00:00:00+00:00,4.9417,2.7208,1.8,61.5833
2020-06-07 00:00:00+00:00,3.9292,2.0,2.0833,62.5833
2020-06-08 00:00:00+00:00,5.7667,3.5667,4.9042,55.9583
2020-06-09 00:00:00+00:00,20.7125,15.2583,6.7208,52.6667
2020-06-10 00:00:00+00:00,22.4875,16.6333,8.8958,47.875
2020-06-11 00:00:00+00:00,12.6208,9.2958,4.0792,66.4167
2020-06-12 00:00:00+00:00,7.7125,4.7417,3.8208,64.1667
2020-06-13 00:00:00+00:00,5.1708,3.0,2.3,64.3333
2020-06-14 00:00:00+00:00,5.1083,2.725,2.8458,60.4167
2020-06-15 00:00:00+00:00,6.7167,3.1875,3.8875,57.5
2020-06-16 00:00:00+00:00,5.6917,2.9083,3.9208,57.125
2020-06-17 00:00:00+00:00,5.325,2.9417,3.9083,47.1667
2020-06-18 00:00:00+00:00,5.5625,2.8833,2.475,57.3333
2020-06-19 00:00:00+00:00,5.3458,2.4333,3.4375,56.875
2020-06-20 00:00:00+00:00,5.4208,2.65,3.2583,56.25
2020-06-21 00:00:00+00:00,5.9917,3.1708,2.35,56.6667
2020-06-22 00:00:00+00:00,12.3792,5.9958,2.8,61.3333
2020-06-23 00:00:00+00:00,14.4042,6.45,4.3167,94.4167
2020-06-24 00:00:00+00:00,12.1625,5.2167,4.3208,97.2083
2020-06-25 00:00:00+00:00,9.7625,3.9167,3.8625,99.625
2020-06-26 00:00:00+00:00,13.4042,7.3833,4.2917,87.9583
2020-06-27 00:00:00+00:00,6.9042,3.725,2.0875,64.4583
2020-06-28 00:00:00+00:00,3.875,2.4083,1.5,53.75
2020-06-29 00:00:00+00:00,5.625,2.2833,1.6875,60.0417
2020-06-30 00:00:00+00:00,6.9,2.9875,3.1417,50.25
2020-07-01 00:00:00+00:00,4.675,2.9583,2.3,33.4167
2020-07-02 00:00:00+00:00,5.7167,2.8583,2.1625,39.9167
2020-07-03 00:00:00+00:00,5.9125,2.8042,2.375,50.875
2020-07-04 00:00:00+00:00,7.0667,3.5542,2.825,48.25
2020-07-05 00:00:00+00:00,4.2,2.6333,1.2958,35.875
2020-07-06 00:00:00+00:00,7.7,2.875,2.125,55.625
2020-07-07 00:00:00+00:00,6.7958,2.5917,3.3375,59.3333
2020-07-08 00:00:00+00:00,5.525,2.6375,2.2958,41.9167
2020-07-09 00:00:00+00:00,6.4167,2.65,2.3292,35.125
2020-07-10 00:00:00+00:00,4.05,2.05,3.1917,48.7083
2020-07-11 00:00:00+00:00,6.6875,3.3417,4.0542,63.5417
2020-07-12 00:00:00+00:00,8.7042,4.8625,3.6583,72.75
2020-07-13 00:00:00+00:00,7.375,3.475,4.0875,89.5
2020-07-14 00:00:00+00:00,8.3917,4.7625,4.2542,68.9167
2020-07-15 00:00:00+00:00,11.5208,7.4417,4.325,47.875
2020-07-16 00:00:00+00:00,8.1875,5.1625,4.5083,34.9167
2020-07-17 00:00:00+00:00,10.85,6.6375,5.0667,38.2083
2020-07-18 00:00:00+00:00,12.5458,6.2167,3.7583,55.125
2020-07-19 00:00:00+00:00,13.3208,6.075,3.3625,58.875
2020-07-20 00:00:00+00:00,11.3,5.9917,4.0958,57.9583
2020-07-21 00:00:00+00:00,7.8292,3.0417,3.9083,68.0
2020-07-22 00:00:00+00:00,10.475,4.2292,4.9875,77.125
2020-07-23 00:00:00+00:00,8.5833,3.0875,4.0583,77.2083
2020-07-24 00:00:00+00:00,7.9125,2.9292,3.1958,56.875
2020-07-25 00:00:00+00:00,7.3125,2.9542,2.55,52.5
2020-07-26 00:00:00+00:00,4.5792,2.2958,1.8292,48.6667
2020-07-27 00:00:00+00:00,8.0083,2.6792,3.025,63.4583
2020-07-28 00:00:00+00:00,7.3125,2.3708,1.8667,55.4167
2020-07-29 00:00:00+00:00,8.8208,3.1708,2.9458,60.375
2020-07-30 00:00:00+00:00,10.4042,3.55,4.4417,83.5417
2020-07-31 00:00:00+00:00,13.7333,4.4458,5.0667,111.4583
2020-08-01 00:00:00+00:00,12.4375,5.925,3.3958,72.7917
2020-08-02 00:00:00+00:00,7.1083,3.1333,2.5667,58.5833
2020-08-03 00:00:00+00:00,8.2833,4.3042,4.3833,60.2917
2020-08-04 00:00:00+00:00,7.7958,4.8292,4.2958,65.625
2020-08-05 00:00:00+00:00,9.3958,3.0958,5.5042,77.375
2020-08-06 00:00:00+00:00,8.6542,3.7083,5.6625,91.3333
2020-08-07 00:00:00+00:00,11.2417,4.5292,6.0875,98.7083
2020-08-08 00:00:00+00:00,15.2625,7.3,5.2917,106.8333
2020-08-09 00:00:00+00:00,16.4333,9.325,4.2542,117.2917
2020-08-10 00:00:00+00:00,17.6667,11.1042,4.475,112.9583
2020-08-11 00:00:00+00:00,22.6833,13.3,5.3125,111.2917
2020-08-12 00:00:00+00:00,20.0458,11.3583,5.1625,106.375
2020-08-13 00:00:00+00:00,16.0417,8.4,4.9208,89.9583
2020-08-14 00:00:00+00:00,8.1375,3.7333,3.8,78.5833
2020-08-15 00:00:00+00:00,9.6583,6.2667,3.95,71.9167
2020-08-16 00:00:00+00:00,9.6167,5.7417,3.6458,76.0417
2020-08-17 00:00:00+00:00,6.7708,3.15,3.5583,57.4583
2020-08-18 00:00:00+00:00,6.5333,3.9208,4.375,54.2083
2020-08-19 00:00:00+00:00,6.525,2.9958,3.5333,59.2917
2020-08-20 00:00:00+00:00,6.9583,3.2792,4.375,71.1667
2020-08-21 00:00:00+00:00,8.2208,3.4875,4.1583,70.8333
2020-08-22 00:00:00+00:00,8.3625,3.0292,2.5708,63.2083
2020-08-23 00:00:00+00:00,4.8208,2.3958,2.125,53.5833
2020-08-24 00:00:00+00:00,5.1792,2.1542,2.3583,54.4167
2020-08-25 00:00:00+00:00,7.4375,3.3,3.1583,57.3333
2020-08-26 00:00:00+00:00,6.7792,2.4583,1.5917,64.375
2020-08-27 00:00:00+00:00,8.9792,2.7542,3.0667,55.25
2020-08-28 00:00:00+00:00,5.2083,2.4542,2.8208,45.2917
2020-08-29 00:00:00+00:00,4.1833,2.5333,3.3792,46.8333
2020-08-30 00:00:00+00:00,5.7792,3.1458,3.5,53.8333
2020-08-31 00:00:00+00:00,6.0875,2.5417,5.0125,54.6667
2020-09-01 00:00:00+00:00,10.8625,6.075,8.725,44.9167
2020-09-02 00:00:00+00:00,12.6292,7.4542,7.9083,59.4583
2020-09-03 00:00:00+00:00,11.7125,5.8458,6.6583,65.875
2020-09-04 00:00:00+00:00,8.525,4.6917,6.0625,53.9583
2020-09-05 00:00:00+00:00,7.0958,3.7542,5.3292,48.0833
2020-09-06 00:00:00+00:00,6.8667,2.8292,4.5792,51.25
2020-09-07 00:00:00+00:00,6.4125,3.0458,5.0208,55.4167
2020-09-08 00:00:00+00:00,6.8875,3.075,5.1292,50.875
2020-09-09 00:00:00+00:00,8.65,4.4042,5.0,39.9583
2020-09-10 00:00:00+00:00,8.0625,3.8542,4.7042,53.75
2020-09-11 00:00:00+00:00,9.4292,3.8375,6.4292,59.2917
2020-09-12 00:00:00+00:00,11.2375,5.45,4.6208,64.1667
2020-09-13 00:00:00+00:00,10.1875,4.6167,4.8917,61.8333
2020-09-14 00:00:00+00:00,15.0375,6.4458,6.3417,100.0417
2020-09-15 00:00:00+00:00,18.5292,7.9417,6.025,101.75
2020-09-16 00:00:00+00:00,24.6542,12.2083,8.0458,107.6667
2020-09-17 00:00:00+00:00,17.4292,8.675,5.4042,69.0833
2020-09-18 00:00:00+00:00,13.4208,5.6667,4.825,85.2083
2020-09-19 00:00:00+00:00,15.7583,7.125,5.8792,82.5833
2020-09-20 00:00:00+00:00,15.2917,5.5875,6.625,92.875
2020-09-21 00:00:00+00:00,15.925,6.575,8.7167,96.9583
2020-09-22 00:00:00+00:00,22.6458,10.7833,8.7542,102.1667
2020-09-23 00:00:00+00:00,17.4917,9.3125,5.2333,76.0417
2020-09-24 00:00:00+00:00,4.0833,2.4083,2.6708,62.5
2020-09-25 00:00:00+00:00,3.3833,1.8667,3.4375,52.7917
2020-09-26 00:00:00+00:00,4.4458,2.5208,3.8333,51.125
2020-09-27 00:00:00+00:00,3.4917,2.225,3.1458,45.9583
2020-09-28 00:00:00+00:00,3.4292,2.4125,4.9792,27.5833
2020-09-29 00:00:00+00:00,10.4875,7.0458,6.6375,35.8333
2020-09-30 00:00:00+00:00,10.4208,6.8125,4.1667,37.25
2020-10-01 00:00:00+00:00,6.3917,3.9375,4.3083,46.5
2020-10-02 00:00:00+00:00,6.075,3.5542,6.9583,43.125
2020-10-03 00:00:00+00:00,3.0833,2.1375,2.6542,53.5
2020-10-04 00:00:00+00:00,2.875,1.8625,1.3333,56.5833
2020-10-05 00:00:00+00:00,2.7125,1.9042,3.4292,49.5833
2020-10-06 00:00:00+00:00,3.5042,2.075,2.1833,54.8333
2020-10-07 00:00:00+00:00,5.5583,2.3167,2.8625,50.9583
2020-10-08 00:00:00+00:00,5.9417,3.4958,3.6708,45.5833
2020-10-09 00:00:00+00:00,4.5667,2.6083,3.4917,45.5
2020-10-10 00:00:00+00:00,5.375,2.5792,3.0875,52.5833
2020-10-11 00:00:00+00:00,5.3042,3.1042,3.8458,46.875
2020-10-12 00:00:00+00:00,8.5875,4.6625,4.4208,43.5
2020-10-13 00:00:00+00:00,8.8042,5.425,4.775,42.125
2020-10-14 00:00:00+00:00,11.7208,8.3833,9.0667,37.5417
2020-10-15 00:00:00+00:00,13.7375,9.65,10.5417,29.5
2020-10-16 00:00:00+00:00,19.5333,15.1583,14.1917,22.9167
2020-10-17 00:00:00+00:00,20.4667,14.9833,8.9125,29.625
2020-10-18 00:00:00+00:00,20.1125,14.0792,5.5833,30.375
2020-10-19 00:00:00+00:00,13.5292,9.4833,5.3458,43.4583
2020-10-20 00:00:00+00:00,9.9417,6.1292,5.0458,49.4583
2020-10-21 00:00:00+00:00,10.8375,4.2333,2.6875,65.25
2020-10-22 00:00:00+00:00,11.0208,5.5292,3.4,55.7917
2020-10-23 00:00:00+00:00,7.6125,4.5,4.55,50.0833
2020-10-24 00:00:00+00:00,5.9042,3.6333,2.075,52.625
2020-10-25 00:00:00+00:00,2.7833,2.1625,1.6542,53.75
2020-10-26 00:00:00+00:00,4.7958,2.6583,2.9,55.7917
2020-10-27 00:00:00+00:00,5.4542,2.675,2.7375,53.0
2020-10-28 00:00:00+00:00,5.5042,2.7,2.4875,57.5417
2020-10-29 00:00:00+00:00,5.3208,2.775,3.8417,53.875
2020-10-30 00:00:00+00:00,6.2667,3.7292,3.9458,55.0833
2020-10-31 00:00:00+00:00,7.1917,3.9917,2.3083,54.4167
2020-11-01 00:00:00+00:00,3.9917,2.5333,1.7875,48.7083
2020-11-02 00:00:00+00:00,4.3917,2.4417,1.8167,49.8333
2020-11-03 00:00:00+00:00,9.4333,3.6208,3.9333,56.0
2020-11-04 00:00:00+00:00,9.3833,4.5875,7.0458,38.6667
2020-11-05 00:00:00+00:00,15.4458,10.5375,8.925,37.5
2020-11-06 00:00:00+00:00,10.2792,6.0417,7.9583,46.9583
2020-11-07 00:00:00+00:00,18.1708,12.3833,11.3583,29.2917
2020-11-08 00:00:00+00:00,16.6833,11.1708,8.7958,30.7917
2020-11-09 00:00:00+00:00,17.75,11.6083,10.9958,33.875
2020-11-10 00:00:00+00:00,18.7625,13.125,9.2292,24.5417
2020-11-11 00:00:00+00:00,10.8583,7.5875,5.4042,30.2083
2020-11-12 00:00:00+00:00,10.9792,6.1042,5.9083,47.0417
2020-11-13 00:00:00+00:00,9.4042,5.6,5.2583,37.5833
2020-11-14 00:00:00+00:00,12.1458,8.6583,3.7458,42.5833
2020-11-15 00:00:00+00:00,7.3,4.5625,1.7833,56.625
2020-11-16 00:00:00+00:00,6.9125,2.925,3.3,59.4583
2020-11-17 00:00:00+00:00,10.0917,4.9167,5.3292,46.5833
2020-11-18 00:00:00+00:00,8.0125,3.9458,4.425,50.5833
2020-11-19 00:00:00+00:00,6.1333,3.0667,4.9,55.75
2020-11-20 00:00:00+00:00,12.9833,7.3917,9.8583,37.4583
2020-11-21 00:00:00+00:00,11.3083,7.2333,5.9,46.125
2020-11-22 00:00:00+00:00,13.85,9.6,5.0208,41.9583
2020-11-23 00:00:00+00:00,11.3625,8.7875,5.4542,30.5833
2020-11-24 00:00:00+00:00,11.3292,8.3792,8.8375,33.5833
2020-11-25 00:00:00+00:00,20.5917,16.4958,9.4,28.7083
2020-11-26 00:00:00+00:00,24.9625,19.4542,15.8625,23.5
2020-11-27 00:00:00+00:00,22.2125,17.5083,19.4542,18.375
2020-11-28 00:00:00+00:00,13.1,9.5708,11.475,42.2083
2020-11-29 00:00:00+00:00,15.7375,12.3417,6.9917,31.2083
2020-11-30 00:00:00+00:00,21.925,18.5167,10.0708,22.5
2020-12-01 00:00:00+00:00,6.55,4.0208,8.8375,43.8333
2020-12-02 00:00:00+00:00,8.8042,6.5708,7.325,40.2083
2020-12-03 00:00:00+00:00,6.2333,4.5625,5.4375,39.25
2020-12-04 00:00:00+00:00,3.6333,2.5625,3.325,55.375
2020-12-05 00:00:00+00:00,5.7792,4.4542,5.1125,47.9167
2020-12-06 00:00:00+00:00,15.7542,12.4042,7.8083,26.0833
2020-12-07 00:00:00+00:00,13.5833,10.6958,6.9458,23.2917
2020-12-08 00:00:00+00:00,13.4792,11.1083,8.7375,29.2917
2020-12-09 00:00:00+00:00,13.425,11.3625,8.3917,30.5
2020-12-10 00:00:00+00:00,13.2,10.8208,8.5333,34.75
2020-12-11 00:00:00+00:00,6.4125,5.8458,7.9917,32.4167
2020-12-12 00:00:00+00:00,6.9583,5.5042,6.325,37.4167
2020-12-13 00:00:00+00:00,6.8125,4.3833,3.0083,47.8333
2020-12-14 00:00:00+00:00,3.4083,2.5167,5.5958,41.5
2020-12-15 00:00:00+00:00,4.8875,3.875,8.5792,34.7917
2020-12-16 00:00:00+00:00,6.25,4.6417,5.5,45.2083
2020-12-17 00:00:00+00:00,5.7417,3.6792,5.3,48.7917
2020-12-18 00:00:00+00:00,6.3417,4.1583,4.5875,48.25
2020-12-19 00:00:00+00:00,6.8417,4.95,4.0208,46.3333
2020-12-20 00:00:00+00:00,6.8708,3.5542,2.975,52.6667
2020-12-21 00:00:00+00:00,3.5833,2.5333,3.0167,49.8333
2020-12-22 00:00:00+00:00,2.7583,1.875,4.0667,49.9583
2020-12-23 00:00:00+00:00,2.5458,1.85,3.475,51.7917
2020-12-24 00:00:00+00:00,3.2417,1.7375,4.4208,59.7083
2020-12-25 00:00:00+00:00,6.7875,3.6083,5.3333,55.6667
2020-12-26 00:00:00+00:00,8.3167,5.7833,4.1458,54.4583
2020-12-27 00:00:00+00:00,2.0708,1.625,1.55,64.2083
2020-12-28 00:00:00+00:00,2.4417,1.8583,3.4125,61.0417
2020-12-29 00:00:00+00:00,6.9333,4.8917,5.2458,45.875
2020-12-30 00:00:00+00:00,8.1625,6.2,5.8125,41.1667
2020-12-31 00:00:00+00:00,5.3833,4.2542,5.8708,42.0833
2021-01-01 00:00:00+00:00,18.975,13.9542,11.2625,32.7083
2021-01-02 00:00:00+00:00,17.1042,13.25,9.15,29.3333
2021-01-03 00:00:00+00:00,17.5708,13.875,15.0208,21.7083
2021-01-04 00:00:00+00:00,12.5792,10.5875,12.5125,14.4167
2021-01-05 00:00:00+00:00,17.9875,14.975,17.8542,10.1667
2021-01-06 00:00:00+00:00,13.8167,10.4792,17.225,17.4167
2021-01-07 00:00:00+00:00,12.4958,9.4292,11.7375,33.4167
2021-01-08 00:00:00+00:00,15.8,11.5875,15.225,30.75
2021-01-09 00:00:00+00:00,13.3667,9.4792,13.7875,30.1667
2021-01-10 00:00:00+00:00,15.0708,9.8042,12.3667,42.4167
2021-01-11 00:00:00+00:00,15.5458,10.5417,12.4292,42.5833
2021-01-12 00:00:00+00:00,5.9167,3.8542,9.8125,54.4583
2021-01-13 00:00:00+00:00,9.1542,5.825,11.6208,48.125
2021-01-14 00:00:00+00:00,4.0542,2.6792,9.3667,53.6667
2021-01-15 00:00:00+00:00,15.2375,11.7208,17.6458,29.0
2021-01-16 00:00:00+00:00,17.8,14.25,14.4667,27.5833
2021-01-17 00:00:00+00:00,12.6,8.0083,9.3708,47.9167
2021-01-18 00:00:00+00:00,11.9958,7.15,11.6875,47.6667
2021-01-19 00:00:00+00:00,6.7083,4.45,6.0167,57.4583
2021-01-20 00:00:00+00:00,6.0458,3.9125,5.3042,61.6667
2021-01-21 00:00:00+00:00,4.3458,2.5708,3.4708,69.25
2021-01-22 00:00:00+00:00,5.7,3.6417,7.0708,58.1667
2021-01-23 00:00:00+00:00,6.3875,4.0833,6.9875,51.6667
2021-01-24 00:00:00+00:00,7.675,5.2375,5.275,61.375
2021-01-25 00:00:00+00:00,10.45,7.6292,11.3667,49.0417
2021-01-26 00:00:00+00:00,9.725,6.0875,11.0042,52.7917
2021-01-27 00:00:00+00:00,6.5042,4.5458,10.0875,46.8333
2021-01-28 00:00:00+00:00,4.1292,2.75,7.7292,43.4167
2021-01-29 00:00:00+00:00,4.75,2.5208,3.9792,70.5
2021-01-30 00:00:00+00:00,5.0,2.7167,5.7833,58.0417
2021-01-31 00:00:00+00:00,6.1292,5.0042,7.1083,37.4583
2021-02-01 00:00:00+00:00,5.4333,4.3292,14.2708,22.2083
2021-02-02 00:00:00+00:00,6.1167,4.0917,6.9417,51.0417
2021-02-03 00:00:00+00:00,4.1083,2.35,3.9292,65.9167
2021-02-04 00:00:00+00:00,7.55,3.7125,7.4958,57.2917
2021-02-05 00:00:00+00:00,10.975,6.9208,9.3292,39.5
2021-02-06 00:00:00+00:00,6.4708,4.625,8.9292,35.0833
2021-02-07 00:00:00+00:00,8.6875,6.7083,11.3583,21.0
2021-02-08 00:00:00+00:00,21.8333,17.9042,19.3375,25.7917
2021-02-09 00:00:00+00:00,29.4208,25.275,18.8833,35.9167
2021-02-10 00:00:00+00:00,16.9458,12.975,13.4458,55.0417
2021-02-11 00:00:00+00:00,13.6583,9.9625,11.8958,55.1667
2021-02-12 00:00:00+00:00,10.1625,6.5333,8.4917,65.0833
2021-02-13 00:00:00+00:00,6.9125,4.2875,5.8333,72.625
2021-02-14 00:00:00+00:00,5.5667,3.9917,6.7458,68.4167
2021-02-15 00:00:00+00:00,11.725,7.5042,9.0542,53.25
2021-02-16 00:00:00+00:00,8.5583,5.3833,6.725,52.2083
2021-02-17 00:00:00+00:00,8.5917,4.0,5.5625,62.5417
2021-02-18 00:00:00+00:00,7.5333,4.0125,7.1208,55.5417
2021-02-19 00:00:00+00:00,7.6625,4.675,6.05,61.5
2021-02-20 00:00:00+00:00,18.75,9.7458,5.5042,59.6667
2021-02-21 00:00:00+00:00,12.45,6.2542,5.0875,71.3333
2021-02-22 00:00:00+00:00,27.0333,12.0208,9.5167,56.875
2021-02-23 00:00:00+00:00,31.4292,15.8542,6.4542,52.375
2021-02-24 00:00:00+00:00,42.075,20.3958,6.9417,48.9167
2021-02-25 00:00:00+00:00,47.75,21.0583,9.6708,45.0417
2021-02-26 00:00:00+00:00,14.7542,9.2625,12.1083,53.875
2021-02-27 00:00:00+00:00,16.2792,10.45,8.7833,53.1667
2021-02-28 00:00:00+00:00,9.2125,5.8292,4.6583,61.6667
2021-03-01 00:00:00+00:00,11.3,6.5833,8.8458,56.8333
2021-03-02 00:00:00+00:00,24.8833,14.7542,13.2208,52.0833
2021-03-03 00:00:00+00:00,35.2833,21.0792,13.1458,53.0417
2021-03-04 00:00:00+00:00,22.6792,14.0917,13.4542,44.875
2021-03-05 00:00:00+00:00,13.0417,8.2792,10.6708,57.2083
2021-03-06 00:00:00+00:00,10.2542,6.5667,6.8625,59.25
2021-03-07 00:00:00+00:00,18.3,13.8708,9.8333,56.9167
2021-03-08 00:00:00+00:00,21.7542,16.1,11.2542,57.7083
2021-03-09 00:00:00+00:00,25.7792,20.225,12.0292,47.75
2021-03-10 00:00:00+00:00,25.125,19.0583,8.0708,55.4167
2021-03-11 00:00:00+00:00,8.0792,4.625,3.0542,69.75
2021-03-12 00:00:00+00:00,7.575,3.4625,3.9583,71.0833
2021-03-13 00:00:00+00:00,5.8958,3.1375,2.1333,77.2083
2021-03-14 00:00:00+00:00,5.7625,3.1083,2.9708,68.5833
2021-03-15 00:00:00+00:00,5.3458,3.175,6.0042,70.5
2021-03-16 00:00:00+00:00,6.1917,3.2583,7.025,62.375
2021-03-17 00:00:00+00:00,7.3958,4.8167,9.6708,56.25
2021-03-18 00:00:00+00:00,10.3458,6.0833,8.5708,61.875
2021-03-19 00:00:00+00:00,9.95,7.2167,10.3125,61.75
2021-03-20 00:00:00+00:00,12.6708,8.8583,10.3208,58.25
2021-03-21 00:00:00+00:00,17.225,10.8042,7.7042,61.7083
2021-03-22 00:00:00+00:00,13.1583,7.0208,9.425,69.3333
2021-03-23 00:00:00+00:00,23.0333,14.9875,7.6125,69.5
2021-03-24 00:00:00+00:00,27.25,20.2,8.7833,66.9583
2021-03-25 00:00:00+00:00,27.9333,19.9625,9.7417,60.0
2021-03-26 00:00:00+00:00,16.7042,11.2458,7.3167,62.375
2021-03-27 00:00:00+00:00,6.5167,3.3625,3.2417,72.8333
2021-03-28 00:00:00+00:00,12.1958,6.5458,6.0542,68.2917
2021-03-29 00:00:00+00:00,12.3375,6.4667,6.6458,79.5833
2021-03-30 00:00:00+00:00,12.9167,5.8542,7.6458,87.375
2021-03-31 00:00:00+00:00,17.2833,8.5,7.275,88.875
2021-04-01 00:00:00+00:00,31.1583,17.95,9.4417,91.5
2021-04-02 00:00:00+00:00,15.5208,9.0083,8.3333,65.125
2021-04-03 00:00:00+00:00,12.8917,6.1875,5.025,78.4583
2021-04-04 00:00:00+00:00,20.6083,11.7875,5.0792,75.5833
2021-04-05 00:00:00+00:00,12.7667,7.5292,4.4958,68.4583
2021-04-06 00:00:00+00:00,6.325,3.1792,5.3083,69.4583
2021-04-07 00:00:00+00:00,8.3708,3.9792,5.6,72.5417
2021-04-08 00:00:00+00:00,14.9458,8.4125,6.2667,71.0417
2021-04-09 00:00:00+00:00,15.45,8.325,6.6875,75.75
2021-04-10 00:00:00+00:00,8.6208,6.0667,4.7875,61.2083
2021-04-11 00:00:00+00:00,4.7208,2.8958,5.9583,60.625
2021-04-12 00:00:00+00:00,9.3042,6.0875,7.3417,67.5
2021-04-13 00:00:00+00:00,12.15,8.0125,7.8667,62.875
2021-04-14 00:00:00+00:00,14.6625,9.8792,9.1042,72.375
2021-04-15 00:00:00+00:00,18.0958,13.3333,12.2,64.125
2021-04-16 00:00:00+00:00,16.2083,10.7417,12.7083,66.3333
2021-04-17 00:00:00+00:00,15.2917,9.4292,11.1708,67.6667
2021-04-18 00:00:00+00:00,15.7292,9.8958,6.3,74.7083
2021-04-19 00:00:00+00:00,29.225,20.9583,12.0542,62.2083
2021-04-20 00:00:00+00:00,20.7583,14.8417,7.1708,71.875
2021-04-21 00:00:00+00:00,30.0083,21.9583,8.5208,83.875
2021-04-22 00:00:00+00:00,15.875,7.05,7.4917,73.875
2021-04-23 00:00:00+00:00,15.9417,7.7417,9.2292,71.4167
2021-04-24 00:00:00+00:00,17.7083,9.8333,8.0083,78.125
2021-04-25 00:00:00+00:00,15.1042,8.1875,7.1708,73.4583
2021-04-26 00:00:00+00:00,12.95,5.7958,5.4708,81.2917
2021-04-27 00:00:00+00:00,15.0708,6.875,6.3333,86.0
2021-04-28 00:00:00+00:00,17.9792,8.7792,5.5792,93.4167
2021-04-29 00:00:00+00:00,18.6708,13.3625,6.5542,77.7917
2021-04-30 00:00:00+00:00,17.8792,11.475,8.0875,75.875
2021-05-01 00:00:00+00:00,24.3708,17.6333,6.8833,79.4583
2021-05-02 00:00:00+00:00,15.3458,11.0667,6.4042,80.75
2021-05-03 00:00:00+00:00,13.525,8.7375,5.7125,86.375
2021-05-04 00:00:00+00:00,8.6167,3.1375,3.0042,83.2917
2021-05-05 00:00:00+00:00,6.3958,3.2417,3.4333,73.5417
2021-05-06 00:00:00+00:00,6.025,3.2458,5.2375,61.7917
2021-05-07 00:00:00+00:00,10.1625,6.7583,5.6083,69.2083
2021-05-08 00:00:00+00:00,7.9083,4.0708,3.875,67.2083
2021-05-09 00:00:00+00:00,8.8083,4.0917,2.8542,73.5
2021-05-10 00:00:00+00:00,6.7208,3.0792,2.6333,76.6667
2021-05-11 00:00:00+00:00,5.1167,2.6042,3.9083,57.4167
2021-05-12 00:00:00+00:00,8.9083,3.8167,4.3167,68.625
2021-05-13 00:00:00+00:00,6.025,2.9542,3.875,64.7083
2021-05-14 00:00:00+00:00,5.2083,2.9208,3.6667,65.375
2021-05-15 00:00:00+00:00,6.7625,4.0333,2.8083,66.4583
2021-05-16 00:00:00+00:00,5.175,3.0083,2.0583,63.5
2021-05-17 00:00:00+00:00,5.0208,3.0917,2.4542,66.75
2021-05-18 00:00:00+00:00,6.0292,3.3958,2.6833,71.75
2021-05-19 00:00:00+00:00,6.0875,3.3583,4.55,61.0
2021-05-20 00:00:00+00:00,8.725,5.0667,3.2583,67.7083
2021-05-21 00:00:00+00:00,8.7667,3.9125,2.6042,72.9167
2021-05-22 00:00:00+00:00,5.675,2.9833,2.2958,69.4167
2021-05-23 00:00:00+00:00,4.8042,2.9042,1.725,72.5833
2021-05-24 00:00:00+00:00,3.4542,2.2917,1.75,69.2083
2021-05-25 00:00:00+00:00,4.9458,2.7875,2.3042,69.25
2021-05-26 00:00:00+00:00,3.7625,2.5708,2.9708,68.8333
2021-05-27 00:00:00+00:00,10.0125,6.025,4.4958,68.2917
2021-05-28 00:00:00+00:00,9.6208,5.5917,5.3583,64.5833
2021-05-29 00:00:00+00:00,7.7708,4.3833,4.1667,82.75
2021-05-30 00:00:00+00:00,8.0792,4.8958,2.6458,80.25
2021-05-31 00:00:00+00:00,7.6208,3.6958,4.0542,81.75
2021-06-01 00:00:00+00:00,9.05,4.0167,4.6375,93.7917
2021-06-02 00:00:00+00:00,11.6125,5.4125,4.6875,86.9167
2021-06-03 00:00:00+00:00,10.2583,6.9875,3.6167,59.9583
2021-06-04 00:00:00+00:00,10.05,6.9958,3.9083,54.5417
2021-06-05 00:00:00+00:00,15.6833,11.4792,5.7542,59.0417
2021-06-06 00:00:00+00:00,15.775,11.2708,3.8875,77.125
2021-06-07 00:00:00+00:00,13.8833,9.525,5.1583,74.2083
2021-06-08 00:00:00+00:00,18.45,12.7625,6.25,83.4583
2021-06-09 00:00:00+00:00,20.8333,14.3,5.6333,102.7083
2021-06-10 00:00:00+00:00,14.175,8.9375,4.1417,94.2917
2021-06-11 00:00:00+00:00,9.0792,5.6375,4.2458,58.7917
2021-06-12 00:00:00+00:00,9.6792,5.5375,3.525,55.4583
2021-06-13 00:00:00+00:00,11.0042,5.6167,3.7958,73.5833
2021-06-14 00:00:00+00:00,11.6583,4.8958,4.1292,83.4583
2021-06-15 00:00:00+00:00,17.9958,9.3333,6.0875,106.25
2021-06-16 00:00:00+00:00,15.025,6.8542,4.8333,93.0
2021-06-17 00:00:00+00:00,14.9042,7.1333,4.2375,89.7917
2021-06-18 00:00:00+00:00,16.6833,7.5833,3.175,80.7917
2021-06-19 00:00:00+00:00,10.4583,5.55,2.4958,77.7917
2021-06-20 00:00:00+00:00,6.7833,3.7875,2.1125,63.7083
2021-06-21 00:00:00+00:00,5.4,3.5417,3.5,67.0833
2021-06-22 00:00:00+00:00,9.5125,7.15,7.6583,45.375
2021-06-23 00:00:00+00:00,22.7875,15.7833,8.1292,40.4583
2021-06-24 00:00:00+00:00,30.1,21.6,7.9583,49.3333
2021-06-25 00:00:00+00:00,20.0667,13.5,3.6958,71.7083
2021-06-26 00:00:00+00:00,12.3167,7.0,3.4,68.375
2021-06-27 00:00:00+00:00,11.05,7.1625,3.7875,65.7083
2021-06-28 00:00:00+00:00,7.4625,4.7583,4.1792,49.2917
2021-06-29 00:00:00+00:00,4.875,2.55,2.2083,55.7083
2021-06-30 00:00:00+00:00,4.7375,3.1083,4.625,50.0
2021-07-01 00:00:00+00:00,10.9208,5.9333,3.3375,60.2917
2021-07-02 00:00:00+00:00,13.4208,7.8625,3.8,62.9167
2021-07-03 00:00:00+00:00,11.1167,6.2958,3.1417,63.625
2021-07-04 00:00:00+00:00,5.6875,3.3792,2.1625,47.4583
2021-07-05 00:00:00+00:00,4.0542,2.375,2.2833,39.2917
2021-07-06 00:00:00+00:00,7.9917,3.0833,2.2667,53.2083
2021-07-07 00:00:00+00:00,8.3417,3.7292,2.2125,45.8333
2021-07-08 00:00:00+00:00,7.6708,3.7292,3.4625,47.0833
2021-07-09 00:00:00+00:00,9.175,5.4125,3.0708,49.8333
2021-07-10 00:00:00+00:00,6.6167,3.4708,2.4917,48.75
2021-07-11 00:00:00+00:00,5.7958,3.4625,1.8292,43.75
2021-07-12 00:00:00+00:00,6.1667,3.5417,4.2875,43.0417
2021-07-13 00:00:00+00:00,10.6208,7.0417,6.3667,39.125
2021-07-14 00:00:00+00:00,6.2292,4.225,5.5792,59.625
2021-07-15 00:00:00+00:00,5.3625,3.6958,6.7167,58.2917
2021-07-16 00:00:00+00:00,17.0625,9.8917,4.4833,43.5417
2021-07-17 00:00:00+00:00,21.1667,12.3792,4.5167,52.8333
2021-07-18 00:00:00+00:00,9.2417,4.7125,3.4667,56.7083
2021-07-19 00:00:00+00:00,14.2167,7.9792,4.2333,59.6667
2021-07-20 00:00:00+00:00,18.1292,12.0292,4.1542,67.0417
2021-07-21 00:00:00+00:00,18.6917,11.6208,4.5292,81.625
2021-07-22 00:00:00+00:00,18.8458,12.2917,5.3667,87.9167
2021-07-23 00:00:00+00:00,18.7792,11.3542,5.2417,84.9167
2021-07-24 00:00:00+00:00,16.3667,10.1625,4.0792,73.9583
2021-07-25 00:00:00+00:00,6.875,3.5292,1.8667,50.7917
2021-07-26 00:00:00+00:00,6.95,3.6042,2.4,62.875
2021-07-27 00:00:00+00:00,11.525,7.3417,2.8208,58.75
2021-07-28 00:00:00+00:00,8.5208,4.4458,2.2083,57.0417
2021-07-29 00:00:00+00:00,9.1542,3.8167,2.4333,54.2917
2021-07-30 00:00:00+00:00,10.2917,3.975,2.8208,55.0833
2021-07-31 00:00:00+00:00,6.3958,2.8292,2.075,59.625
2021-08-01 00:00:00+00:00,6.0708,3.475,2.0125,49.875
2021-08-02 00:00:00+00:00,5.3667,3.2625,3.0542,51.7083
2021-08-03 00:00:00+00:00,5.5542,3.2667,3.3125,56.6667
2021-08-04 00:00:00+00:00,6.4958,3.9833,3.075,50.5417
2021-08-05 00:00:00+00:00,6.0792,3.4417,2.5542,55.2917
2021-08-06 00:00:00+00:00,4.1208,2.4208,1.9625,48.4167
2021-08-07 00:00:00+00:00,4.9917,2.4208,2.05,44.5417
2021-08-08 00:00:00+00:00,6.4458,3.1625,1.65,50.875
2021-08-09 00:00:00+00:00,5.9292,3.1333,2.3083,48.125
2021-08-10 00:00:00+00:00,6.825,3.4583,2.6833,46.3333
2021-08-11 00:00:00+00:00,7.6208,3.95,2.5708,48.5
2021-08-12 00:00:00+00:00,10.1,5.4708,3.6375,59.5417
2021-08-13 00:00:00+00:00,12.6375,6.8292,3.9,54.9167
2021-08-14 00:00:00+00:00,9.7875,4.7333,3.2417,56.4167
2021-08-15 00:00:00+00:00,9.0958,4.1292,2.475,60.625
2021-08-16 00:00:00+00:00,10.825,6.1625,2.6625,57.2083
2021-08-17 00:00:00+00:00,11.6292,7.5125,2.525,53.625
2021-08-18 00:00:00+00:00,6.1417,3.825,2.2375,43.0833
2021-08-19 00:00:00+00:00,5.7667,3.3292,2.2583,44.2083
2021-08-20 00:00:00+00:00,5.75,3.275,2.8167,38.5
2021-08-21 00:00:00+00:00,6.3458,3.6542,3.1792,48.7083
2021-08-22 00:00:00+00:00,7.65,4.625,1.6875,51.9167
2021-08-23 00:00:00+00:00,13.925,9.9708,5.1125,58.0833
2021-08-24 00:00:00+00:00,10.8208,6.4458,5.1833,60.0833
2021-08-25 00:00:00+00:00,10.4,5.3583,4.8083,71.125
2021-08-26 00:00:00+00:00,9.8292,5.2667,5.825,55.0417
2021-08-27 00:00:00+00:00,7.9333,3.4125,5.4417,49.375
2021-08-28 00:00:00+00:00,9.1958,5.3292,3.9458,52.6667
2021-08-29 00:00:00+00:00,8.2833,4.9583,4.0042,53.4167
2021-08-30 00:00:00+00:00,15.25,10.5375,5.4083,55.375
2021-08-31 00:00:00+00:00,17.6917,12.5292,5.8,59.125
2021-09-01 00:00:00+00:00,15.275,9.1542,6.2333,55.1667
2021-09-02 00:00:00+00:00,15.0333,9.9667,5.725,63.3333
2021-09-03 00:00:00+00:00,13.0458,7.8667,5.2917,73.2917
2021-09-04 00:00:00+00:00,14.875,9.7333,5.3417,76.375
2021-09-05 00:00:00+00:00,16.6917,10.8,4.7417,82.5
2021-09-06 00:00:00+00:00,17.7,11.2958,5.925,88.0833
2021-09-07 00:00:00+00:00,18.5083,10.9958,6.5542,87.0
2021-09-08 00:00:00+00:00,16.575,8.6958,6.7292,91.0417
2021-09-09 00:00:00+00:00,13.2625,7.6375,5.9292,59.5
2021-09-10 00:00:00+00:00,7.4958,4.1333,4.275,45.0833
2021-09-11 00:00:00+00:00,6.1583,3.2958,2.5333,57.7917
2021-09-12 00:00:00+00:00,6.7917,3.325,2.575,58.75
2021-09-13 00:00:00+00:00,10.9333,6.0333,5.4375,59.7917
2021-09-14 00:00:00+00:00,13.6083,8.075,6.5625,51.7083
2021-09-15 00:00:00+00:00,10.5625,6.8333,5.5333,48.875
2021-09-16 00:00:00+00:00,10.7,5.875,6.3708,57.3333
2021-09-17 00:00:00+00:00,12.3042,8.0292,4.8625,58.625
2021-09-18 00:00:00+00:00,10.3417,6.9083,4.4875,61.5833
2021-09-19 00:00:00+00:00,11.5583,8.1583,4.5125,56.25
2021-09-20 00:00:00+00:00,13.0708,8.7167,6.9208,45.3333
2021-09-21 00:00:00+00:00,13.8958,8.4125,8.6458,47.0
2021-09-22 00:00:00+00:00,9.9833,5.4,6.2042,56.375
2021-09-23 00:00:00+00:00,10.4333,5.3333,5.0875,62.5417
2021-09-24 00:00:00+00:00,8.0208,4.2417,4.9458,42.0
2021-09-25 00:00:00+00:00,11.1875,6.5375,5.8708,54.7917
2021-09-26 00:00:00+00:00,11.9292,7.7667,3.525,53.4583
2021-09-27 00:00:00+00:00,6.7542,3.7958,3.4333,53.4167
2021-09-28 00:00:00+00:00,7.875,3.6083,4.7292,46.5
2021-09-29 00:00:00+00:00,5.625,2.6458,3.8792,54.5833
2021-09-30 00:00:00+00:00,7.0208,2.8292,5.3583,46.5833
2021-10-01 00:00:00+00:00,7.0917,3.3458,4.225,59.2083
2021-10-02 00:00:00+00:00,4.8542,3.0125,2.4167,55.8333
2021-10-03 00:00:00+00:00,4.4875,2.7625,2.1833,64.625
2021-10-04 00:00:00+00:00,5.4458,2.3708,3.4167,49.0833
2021-10-05 00:00:00+00:00,4.0375,2.4833,3.3333,52.5
2021-10-06 00:00:00+00:00,4.8292,2.5542,4.6375,49.875
2021-10-07 00:00:00+00:00,8.7833,5.0333,7.7292,42.4583
2021-10-08 00:00:00+00:00,8.7833,5.2292,7.0167,40.6667
2021-10-09 00:00:00+00:00,19.0333,13.1167,6.2375,46.6667
2021-10-10 00:00:00+00:00,21.1792,15.4333,6.8292,50.4167
2021-10-11 00:00:00+00:00,18.7167,12.2,11.3375,36.5417
2021-10-12 00:00:00+00:00,11.6,6.5917,8.825,38.125
2021-10-13 00:00:00+00:00,10.0792,5.0625,9.5458,36.6667
2021-10-14 00:00:00+00:00,10.8708,5.0583,6.9042,46.9583
2021-10-15 00:00:00+00:00,12.2792,6.8875,9.5333,40.4583
2021-10-16 00:00:00+00:00,10.8,5.575,7.1792,41.0
2021-10-17 00:00:00+00:00,12.7792,8.1125,6.4833,43.4167
2021-10-18 00:00:00+00:00,14.1167,9.4375,7.525,42.625
2021-10-19 00:00:00+00:00,9.35,5.7625,5.6917,45.1667
2021-10-20 00:00:00+00:00,8.2458,4.9958,4.6042,50.4583
2021-10-21 00:00:00+00:00,5.5375,2.8167,4.2833,61.375
2021-10-22 00:00:00+00:00,7.3,3.3958,5.675,48.2083
2021-10-23 00:00:00+00:00,9.6417,4.9792,7.1458,40.1667
2021-10-24 00:00:00+00:00,9.0292,5.5625,6.3333,44.8333
2021-10-25 00:00:00+00:00,9.2,5.6792,7.3,38.375
2021-10-26 00:00:00+00:00,8.525,4.8292,5.775,46.125
2021-10-27 00:00:00+00:00,9.3833,5.5,5.3208,43.25
2021-10-28 00:00:00+00:00,12.825,8.3625,7.4208,37.2083
2021-10-29 00:00:00+00:00,9.7417,5.9083,5.0667,58.8333
2021-10-30 00:00:00+00:00,4.7667,3.075,3.7708,59.0
2021-10-31 00:00:00+00:00,4.7458,2.7542,2.4917,54.0833
2021-11-01 00:00:00+00:00,5.3583,2.3292,2.5292,59.5417
2021-11-02 00:00:00+00:00,4.8708,3.1958,6.1208,46.1667
2021-11-03 00:00:00+00:00,6.5958,4.8792,9.3208,45.5
2021-11-04 00:00:00+00:00,12.2042,8.3458,8.7125,41.4167
2021-11-05 00:00:00+00:00,10.5458,6.5458,8.9917,45.6667
2021-11-06 00:00:00+00:00,10.7042,6.7083,6.9792,41.8333
2021-11-07 00:00:00+00:00,9.625,5.6208,5.9,45.5
2021-11-08 00:00:00+00:00,14.3667,7.6667,7.6708,45.5417
2021-11-09 00:00:00+00:00,12.2792,6.8417,8.9417,38.125
2021-11-10 00:00:00+00:00,16.1667,10.7625,12.8958,22.375
2021-11-11 00:00:00+00:00,18.45,13.5542,10.8542,24.7917
2021-11-12 00:00:00+00:00,18.8042,14.9875,14.4625,25.5417
2021-11-13 00:00:00+00:00,8.6125,5.7625,8.4208,34.0833
2021-11-14 00:00:00+00:00,9.5792,7.3125,8.2917,29.1667
2021-11-15 00:00:00+00:00,11.725,8.925,7.2208,36.4167
2021-11-16 00:00:00+00:00,7.5958,5.7667,7.975,24.8333
2021-11-17 00:00:00+00:00,13.7875,10.1042,11.475,19.5833
2021-11-18 00:00:00+00:00,14.4833,9.2917,9.225,33.9167
2021-11-19 00:00:00+00:00,13.6125,9.45,11.4708,25.5417
2021-11-20 00:00:00+00:00,11.9792,8.4542,6.5917,39.0
2021-11-21 00:00:00+00:00,6.4833,4.0292,6.0,37.625
2021-11-22 00:00:00+00:00,11.1167,7.5542,14.3917,36.125
2021-11-23 00:00:00+00:00,9.4958,6.1542,9.6417,40.2083
2021-11-24 00:00:00+00:00,9.9042,5.6167,11.1708,39.0417
2021-11-25 00:00:00+00:00,23.85,16.8833,16.0667,23.5417
2021-11-26 00:00:00+00:00,10.6542,6.7583,9.2417,40.0833
2021-11-27 00:00:00+00:00,4.8042,3.1375,5.2375,52.2917
2021-11-28 00:00:00+00:00,9.6708,7.2042,8.6042,38.0833
2021-11-29 00:00:00+00:00,8.35,5.2,7.8,55.6667
2021-11-30 00:00:00+00:00,4.7083,3.4208,8.0583,44.4583
2021-12-01 00:00:00+00:00,3.4917,2.2792,4.95,56.9167
2021-12-02 00:00:00+00:00,4.975,2.9125,8.1917,58.4583
2021-12-03 00:00:00+00:00,7.4625,4.65,6.0958,53.8333
2021-12-04 00:00:00+00:00,3.6958,2.0875,6.0875,47.6667
2021-12-05 00:00:00+00:00,4.65,3.2583,5.5583,52.4167
2021-12-06 00:00:00+00:00,6.9458,4.925,7.1667,38.375
2021-12-07 00:00:00+00:00,5.6917,3.0583,5.5292,59.375
2021-12-08 00:00:00+00:00,6.6042,3.4667,6.9042,58.375
2021-12-09 00:00:00+00:00,8.9042,5.5708,11.075,42.125
2021-12-10 00:00:00+00:00,2.7208,1.9292,8.525,52.25
2021-12-11 00:00:00+00:00,9.9167,6.1667,11.1625,41.375
2021-12-12 00:00:00+00:00,6.3875,4.0458,7.025,35.7917
2021-12-13 00:00:00+00:00,6.4125,3.8792,5.7667,39.625
2021-12-14 00:00:00+00:00,8.3292,5.4417,6.6333,37.7917
2021-12-15 00:00:00+00:00,9.125,5.875,7.0542,37.7083
2021-12-16 00:00:00+00:00,18.7542,12.6375,11.1417,27.5
2021-12-17 00:00:00+00:00,10.4792,7.7625,7.1,43.7083
2021-12-18 00:00:00+00:00,9.1042,6.675,10.2167,28.5833
2021-12-19 00:00:00+00:00,7.025,4.7,8.9,39.6667
2021-12-20 00:00:00+00:00,9.3792,5.5583,9.3875,51.25
2021-12-21 00:00:00+00:00,9.3042,5.225,11.8708,36.4583
2021-12-22 00:00:00+00:00,16.8917,12.1458,17.5792,27.5833
2021-12-23 00:00:00+00:00,23.4,17.125,14.1542,26.7917
2021-12-24 00:00:00+00:00,12.0583,8.1042,9.6042,31.4167
2021-12-25 00:00:00+00:00,9.9625,6.65,7.725,26.25
2021-12-26 00:00:00+00:00,5.3833,4.1792,9.7792,17.375
2021-12-27 00:00:00+00:00,5.6292,3.1,5.875,41.9583
2021-12-28 00:00:00+00:00,5.0833,2.2917,2.7,66.5833
2021-12-29 00:00:00+00:00,4.2292,1.9625,4.0625,52.2917
2021-12-30 00:00:00+00:00,4.75,2.2625,3.925,45.8333
2021-12-31 00:00:00+00:00,7.275,4.1875,6.1667,36.6667
2022-01-01 00:00:00+00:00,8.4417,6.0083,4.4083,38.25
2022-01-02 00:00:00+00:00,7.4042,4.8208,4.3875,44.4583
2022-01-03 00:00:00+00:00,6.4292,3.8125,3.9,68.4583
2022-01-04 00:00:00+00:00,3.5542,2.65,5.5667,68.5833
2022-01-05 00:00:00+00:00,7.7708,4.6167,7.0042,53.7917
2022-01-06 00:00:00+00:00,11.0542,7.0125,7.6708,51.1667
2022-01-07 00:00:00+00:00,6.0958,4.075,5.9208,58.5
2022-01-08 00:00:00+00:00,4.5667,3.6292,4.425,67.125
2022-01-09 00:00:00+00:00,7.2208,4.0167,4.8417,64.3333
2022-01-10 00:00:00+00:00,8.4625,5.9292,8.1042,47.25
2022-01-11 00:00:00+00:00,9.3583,7.325,10.15,41.4583
2022-01-12 00:00:00+00:00,11.05,9.4917,11.15,33.0
2022-01-13 00:00:00+00:00,7.9667,6.4667,10.0042,37.2917
2022-01-14 00:00:00+00:00,13.8042,9.6417,16.1542,47.6667
2022-01-15 00:00:00+00:00,14.725,11.5167,17.6875,30.9167
2022-01-16 00:00:00+00:00,16.7958,13.9792,15.6958,19.375
2022-01-17 00:00:00+00:00,16.0208,12.5958,10.8125,32.25
2022-01-18 00:00:00+00:00,16.0792,10.8958,10.3583,41.5833
2022-01-19 00:00:00+00:00,13.1792,10.75,9.0333,40.5833
2022-01-20 00:00:00+00:00,7.9583,4.3917,8.9125,63.4167
2022-01-21 00:00:00+00:00,10.3333,6.7125,10.3375,56.9583
2022-01-22 00:00:00+00:00,19.8292,15.6792,8.9917,45.625
2022-01-23 00:00:00+00:00,13.2667,10.625,5.575,47.5417
2022-01-24 00:00:00+00:00,13.2958,10.35,9.3875,41.875
2022-01-25 00:00:00+00:00,19.325,15.8542,13.0458,24.0833
2022-01-26 00:00:00+00:00,19.9667,17.0625,16.9125,24.9583
2022-01-27 00:00:00+00:00,14.4292,11.0375,11.6958,33.2083
2022-01-28 00:00:00+00:00,11.5542,9.2125,9.7417,45.625
2022-01-29 00:00:00+00:00,7.2833,5.6625,5.1375,50.625
2022-01-30 00:00:00+00:00,10.6583,5.6375,6.5708,58.5
2022-01-31 00:00:00+00:00,7.2708,4.2625,4.6667,70.9167
2022-02-01 00:00:00+00:00,6.7792,4.4333,6.7875,57.2917
2022-02-02 00:00:00+00:00,6.6042,4.525,6.9292,54.8333
2022-02-03 00:00:00+00:00,9.2167,7.1917,5.8292,54.25
2022-02-04 00:00:00+00:00,7.6292,5.925,6.0292,56.8333
2022-02-05 00:00:00+00:00,7.4375,4.4083,5.4583,57.9167
2022-02-06 00:00:00+00:00,5.7375,3.7167,3.0792,70.2917
2022-02-07 00:00:00+00:00,7.5833,4.2083,6.4875,67.2083
2022-02-08 00:00:00+00:00,8.9542,6.7583,7.4417,48.7917
2022-02-09 00:00:00+00:00,11.4333,8.7708,7.8958,49.375
2022-02-10 00:00:00+00:00,11.1,9.3333,9.975,43.4167
2022-02-11 00:00:00+00:00,9.9083,5.3875,8.8667,58.25
2022-02-12 00:00:00+00:00,9.3792,6.5958,8.2375,58.4583
2022-02-13 00:00:00+00:00,10.7625,7.8417,4.0333,64.0833
2022-02-14 00:00:00+00:00,6.3167,4.2917,4.1792,69.3333
2022-02-15 00:00:00+00:00,6.4917,4.4625,4.6875,64.75
2022-02-16 00:00:00+00:00,4.1625,3.0875,3.2875,64.3333
2022-02-17 00:00:00+00:00,10.9,5.1583,2.2125,78.5
2022-02-18 00:00:00+00:00,7.625,3.9833,2.8583,67.0417
2022-02-19 00:00:00+00:00,8.5542,4.2667,2.8292,71.3333
2022-02-20 00:00:00+00:00,7.1417,4.4875,2.2375,70.4167
2022-02-21 00:00:00+00:00,8.05,4.05,3.1875,76.0
2022-02-22 00:00:00+00:00,7.6667,4.5417,5.7333,61.9583
2022-02-23 00:00:00+00:00,7.3,4.9833,6.7667,64.0
2022-02-24 00:00:00+00:00,6.2792,4.3542,4.6792,67.3333
2022-02-25 00:00:00+00:00,8.425,4.4,6.475,62.3333
2022-02-26 00:00:00+00:00,9.475,6.15,6.925,57.4583
2022-02-27 00:00:00+00:00,5.7833,4.3833,5.0417,70.2083
2022-02-28 00:00:00+00:00,11.7333,8.1208,9.925,61.875
2022-03-01 00:00:00+00:00,18.0375,12.8417,12.9875,53.5417
2022-03-02 00:00:00+00:00,20.575,13.95,13.1583,46.9583
2022-03-03 00:00:00+00:00,30.35,21.5167,13.7708,50.4167
2022-03-04 00:00:00+00:00,21.7167,15.725,10.2375,61.4583
2022-03-05 00:00:00+00:00,22.875,17.775,8.3375,63.375
2022-03-06 00:00:00+00:00,19.6292,15.3833,8.85,62.2917
2022-03-07 00:00:00+00:00,17.0292,12.8167,6.0083,64.9583
2022-03-08 00:00:00+00:00,17.125,12.3542,8.425,69.3333
2022-03-09 00:00:00+00:00,26.8125,18.4958,11.275,65.0833
2022-03-10 00:00:00+00:00,28.5583,20.85,10.8458,71.4583
2022-03-11 00:00:00+00:00,14.3708,8.9708,6.825,75.375
2022-03-12 00:00:00+00:00,5.65,4.3,2.6125,75.1667
2022-03-13 00:00:00+00:00,8.95,7.0125,3.7792,73.2917
2022-03-14 00:00:00+00:00,8.1083,4.8417,4.4792,67.4167
2022-03-15 00:00:00+00:00,7.875,5.8708,8.7542,52.625
2022-03-16 00:00:00+00:00,17.3958,11.5708,8.7875,40.1667
2022-03-17 00:00:00+00:00,16.4833,10.8333,9.9042,49.2083
2022-03-18 00:00:00+00:00,11.4792,6.9042,8.075,62.375
2022-03-19 00:00:00+00:00,10.075,6.5458,3.4875,76.25
2022-03-20 00:00:00+00:00,20.7208,16.7292,4.5708,68.6667
2022-03-21 00:00:00+00:00,18.425,12.5333,6.5583,70.5833
2022-03-22 00:00:00+00:00,24.3833,15.2167,8.5458,81.7917
2022-03-23 00:00:00+00:00,24.7458,15.3208,7.225,87.7917
2022-03-24 00:00:00+00:00,33.7875,22.4875,9.1083,97.0
2022-03-25 00:00:00+00:00,37.5167,25.1583,9.9667,93.9167
2022-03-26 00:00:00+00:00,28.2958,17.5292,6.0125,93.2083
2022-03-27 00:00:00+00:00,19.1542,12.9792,5.2792,76.0417
2022-03-28 00:00:00+00:00,23.6875,15.0583,6.8292,78.5417
2022-03-29 00:00:00+00:00,39.0875,27.5,10.1667,62.3333
2022-03-30 00:00:00+00:00,26.0,19.925,8.5875,57.625
2022-03-31 00:00:00+00:00,16.3167,12.85,9.65,51.0833
2022-04-01 00:00:00+00:00,13.4833,10.8375,10.4042,47.9167
2022-04-02 00:00:00+00:00,8.8292,6.6958,6.3792,69.25
2022-04-03 00:00:00+00:00,8.8333,6.2083,6.2708,71.9167
2022-04-04 00:00:00+00:00,10.1917,7.2667,5.825,71.6667
2022-04-05 00:00:00+00:00,7.2458,5.3375,4.9625,46.7917
2022-04-06 00:00:00+00:00,6.85,4.7125,4.2625,67.1667
2022-04-07 00:00:00+00:00,6.25,3.6042,2.2375,74.0833
2022-04-08 00:00:00+00:00,4.9833,3.2125,6.0583,65.0417
2022-04-09 00:00:00+00:00,8.25,5.3583,5.1292,68.5417
2022-04-10 00:00:00+00:00,8.8,5.4667,4.6708,68.8333
2022-04-11 00:00:00+00:00,7.4792,5.3458,5.9625,81.2083
2022-04-12 00:00:00+00:00,10.7625,5.1042,5.0125,77.9583
2022-04-13 00:00:00+00:00,12.1833,6.6875,6.3375,67.8333
2022-04-14 00:00:00+00:00,13.7125,9.6083,6.2,63.4167
2022-04-15 00:00:00+00:00,18.5417,13.5292,7.4792,62.2083
2022-04-16 00:00:00+00:00,9.25,7.225,3.6625,70.7917
2022-04-17 00:00:00+00:00,5.7708,4.5458,3.4375,78.875
2022-04-18 00:00:00+00:00,6.7333,4.9208,3.875,84.3333
2022-04-19 00:00:00+00:00,12.0917,6.7583,6.9833,78.7917
2022-04-20 00:00:00+00:00,10.1708,5.5583,4.2625,84.625
2022-04-21 00:00:00+00:00,10.0375,5.5167,4.2833,80.6667
2022-04-22 00:00:00+00:00,13.6125,9.2458,4.2042,73.875
2022-04-23 00:00:00+00:00,18.25,13.9417,4.1958,75.5833
2022-04-24 00:00:00+00:00,15.5625,11.5958,5.8333,73.7917
2022-04-25 00:00:00+00:00,16.3458,11.4208,4.7792,73.4167
2022-04-26 00:00:00+00:00,19.3583,14.5917,6.9833,56.9167
2022-04-27 00:00:00+00:00,20.7167,14.0958,6.6583,70.5833
2022-04-28 00:00:00+00:00,21.2708,14.6958,6.7542,81.4583
2022-04-29 00:00:00+00:00,26.3792,17.425,10.9583,62.75
2022-04-30 00:00:00+00:00,17.1458,11.7333,5.5208,64.875
2022-05-01 00:00:00+00:00,22.6333,17.8833,5.6375,64.9167
2022-05-02 00:00:00+00:00,25.6417,19.9417,7.7417,71.2083
2022-05-03 00:00:00+00:00,23.9917,15.4417,7.35,80.0417
2022-05-04 00:00:00+00:00,21.5333,14.6625,6.8167,61.875
2022-05-05 00:00:00+00:00,18.4583,12.7083,5.9083,61.0
2022-05-06 00:00:00+00:00,22.2917,16.5958,6.325,70.1667
2022-05-07 00:00:00+00:00,12.4042,7.775,4.9125,67.5417
2022-05-08 00:00:00+00:00,20.5875,15.5583,6.8667,55.8333
2022-05-09 00:00:00+00:00,10.8833,5.8,4.2708,74.9583
2022-05-10 00:00:00+00:00,14.6292,8.0083,3.8958,84.5
2022-05-11 00:00:00+00:00,14.1917,6.4792,3.2375,76.9167
2022-05-12 00:00:00+00:00,7.8083,4.2667,2.4917,70.7083
2022-05-13 00:00:00+00:00,7.8833,4.1042,2.5125,70.2917
2022-05-14 00:00:00+00:00,9.075,4.275,2.8958,77.7083
2022-05-15 00:00:00+00:00,11.375,5.8792,3.5958,93.7917
2022-05-16 00:00:00+00:00,14.0708,8.0042,3.5833,67.9583
2022-05-17 00:00:00+00:00,10.6708,5.9208,4.0083,68.4167
2022-05-18 00:00:00+00:00,11.1375,6.375,3.6625,80.7083
2022-05-19 00:00:00+00:00,11.5292,6.2708,4.0917,78.25
2022-05-20 00:00:00+00:00,11.0583,7.7792,4.5542,58.125
2022-05-21 00:00:00+00:00,6.3875,4.2375,2.3167,69.3333
2022-05-22 00:00:00+00:00,5.4708,3.5958,3.2667,70.75
2022-05-23 00:00:00+00:00,9.0083,5.5542,4.6667,62.7917
2022-05-24 00:00:00+00:00,6.3583,4.1,2.5167,62.5833
2022-05-25 00:00:00+00:00,6.15,3.9958,2.6208,63.0417
2022-05-26 00:00:00+00:00,6.9417,4.2208,1.9417,65.3333
2022-05-27 00:00:00+00:00,7.7417,4.6958,3.55,65.2083
2022-05-28 00:00:00+00:00,8.2542,4.7625,4.4,67.6667
2022-05-29 00:00:00+00:00,6.1542,4.0792,3.975,60.625
2022-05-30 00:00:00+00:00,6.9375,3.9875,4.2542,59.4167
2022-05-31 00:00:00+00:00,7.225,4.5,3.525,74.3333
2022-06-01 00:00:00+00:00,6.15,4.0792,3.4042,73.0417
2022-06-02 00:00:00+00:00,7.1208,4.2333,4.1375,78.375
2022-06-03 00:00:00+00:00,8.3833,4.4708,4.7958,82.5417
2022-06-04 00:00:00+00:00,9.5917,5.8167,3.9833,73.3333
2022-06-05 00:00:00+00:00,10.1625,6.9042,2.4875,67.875
2022-06-06 00:00:00+00:00,8.0083,4.9,1.8917,67.375
2022-06-07 00:00:00+00:00,6.3542,3.9292,3.1625,47.0417
2022-06-08 00:00:00+00:00,5.95,3.4833,3.4833,43.375
2022-06-09 00:00:00+00:00,9.2333,4.5167,2.9333,53.5833
2022-06-10 00:00:00+00:00,8.15,3.8583,3.2625,51.5417
2022-06-11 00:00:00+00:00,7.1583,4.0583,2.875,54.4583
2022-06-12 00:00:00+00:00,6.4042,3.5917,2.8167,68.125
2022-06-13 00:00:00+00:00,9.0958,5.0625,4.025,71.875
2022-06-14 00:00:00+00:00,8.3292,4.425,4.2375,84.625
2022-06-15 00:00:00+00:00,12.4917,5.2292,4.8708,110.1667
2022-06-16 00:00:00+00:00,13.5583,7.8042,5.9708,97.7917
2022-06-17 00:00:00+00:00,10.0958,4.6667,3.8292,87.9583
2022-06-18 00:00:00+00:00,23.1417,7.9875,3.3542,87.5833
2022-06-19 00:00:00+00:00,16.9375,8.4708,3.3792,71.125
2022-06-20 00:00:00+00:00,8.6083,5.1792,4.7083,56.0
2022-06-21 00:00:00+00:00,10.1792,5.1333,5.0583,63.75
2022-06-22 00:00:00+00:00,12.0792,6.4042,5.3625,72.4167
2022-06-23 00:00:00+00:00,13.1417,7.6,3.7333,63.7083
2022-06-24 00:00:00+00:00,6.8167,4.4792,2.5917,62.0
2022-06-25 00:00:00+00:00,6.4417,3.875,1.7667,46.25
2022-06-26 00:00:00+00:00,5.7875,3.7583,2.4,46.25
2022-06-27 00:00:00+00:00,5.3292,3.5625,3.5042,42.7917
2022-06-28 00:00:00+00:00,6.6542,4.275,3.4292,63.2917
2022-06-29 00:00:00+00:00,7.075,4.2958,3.5917,77.5833
2022-06-30 00:00:00+00:00,6.5417,3.75,4.0917,54.8333
2022-07-01 00:00:00+00:00,5.4042,3.7,3.1042,55.5
2022-07-02 00:00:00+00:00,5.3875,3.775,2.7125,67.2917
2022-07-03 00:00:00+00:00,5.9083,3.8167,2.8,63.0833
2022-07-04 00:00:00+00:00,5.6542,3.3917,3.475,64.1667
2022-07-05 00:00:00+00:00,7.9667,4.7625,4.2792,73.9583
2022-07-06 00:00:00+00:00,8.425,4.8792,4.1375,71.0833
2022-07-07 00:00:00+00:00,7.5375,3.9917,4.8333,50.625
2022-07-08 00:00:00+00:00,7.3958,4.1625,3.575,60.4167
2022-07-09 00:00:00+00:00,7.6125,4.325,4.0333,71.5417
2022-07-10 00:00:00+00:00,6.2542,3.8625,3.425,52.1667
2022-07-11 00:00:00+00:00,6.5375,4.1667,4.2875,44.9583
2022-07-12 00:00:00+00:00,8.4417,5.1458,4.8625,57.0417
2022-07-13 00:00:00+00:00,9.7792,5.3083,4.65,88.7083
2022-07-14 00:00:00+00:00,11.1792,5.6,4.4917,88.4167
2022-07-15 00:00:00+00:00,7.2375,4.0542,3.8333,67.4583
2022-07-16 00:00:00+00:00,8.8625,5.3583,3.6875,76.625
2022-07-17 00:00:00+00:00,7.2875,4.1417,3.4833,90.0417
2022-07-18 00:00:00+00:00,10.8208,5.3708,3.9792,105.1667
2022-07-19 00:00:00+00:00,14.7083,6.7042,4.5167,116.2917
2022-07-20 00:00:00+00:00,18.825,11.3208,3.2208,91.1667
2022-07-21 00:00:00+00:00,15.9958,11.0167,3.3583,66.5417
2022-07-22 00:00:00+00:00,12.5042,7.6583,3.825,73.6667
2022-07-23 00:00:00+00:00,13.4583,8.575,5.05,73.7917
2022-07-24 00:00:00+00:00,11.2083,6.7292,3.35,81.75
2022-07-25 00:00:00+00:00,10.3,5.2167,3.1,68.625
2022-07-26 00:00:00+00:00,8.6917,4.4708,2.95,57.375
2022-07-27 00:00:00+00:00,7.8833,4.0625,3.7917,69.4167
2022-07-28 00:00:00+00:00,9.8833,4.5083,4.7417,83.4583
2022-07-29 00:00:00+00:00,11.25,5.775,5.0875,95.9167
2022-07-30 00:00:00+00:00,10.2,5.3708,3.1792,87.1667
2022-07-31 00:00:00+00:00,7.0625,4.2583,1.7417,54.875
2022-08-01 00:00:00+00:00,6.5,4.2125,2.6167,49.0417
2022-08-02 00:00:00+00:00,9.0917,4.7708,3.275,62.0417
2022-08-03 00:00:00+00:00,10.4125,4.5583,3.2583,69.375
2022-08-04 00:00:00+00:00,13.2292,5.5917,4.3833,84.75
2022-08-05 00:00:00+00:00,10.225,6.6917,5.2917,60.4583
2022-08-06 00:00:00+00:00,5.7417,3.8125,3.8375,66.25
2022-08-07 00:00:00+00:00,6.1083,4.4292,4.2042,81.0417
2022-08-08 00:00:00+00:00,8.7375,5.5125,5.6375,86.625
2022-08-09 00:00:00+00:00,11.3042,5.8583,5.8042,97.0833
2022-08-10 00:00:00+00:00,12.2,6.1958,3.75,104.5417
2022-08-11 00:00:00+00:00,13.225,6.5625,3.7875,107.875
2022-08-12 00:00:00+00:00,15.1792,6.7792,4.0417,107.2917
2022-08-13 00:00:00+00:00,8.85,5.2375,3.1208,95.2083
2022-08-14 00:00:00+00:00,10.8208,5.8875,3.2708,102.25
2022-08-15 00:00:00+00:00,8.5833,5.0833,2.3708,78.4167
2022-08-16 00:00:00+00:00,9.5792,5.5625,3.6042,77.8333
2022-08-17 00:00:00+00:00,9.8958,6.9333,3.4583,82.9583
2022-08-18 00:00:00+00:00,14.5875,10.2833,4.7542,81.4167
2022-08-19 00:00:00+00:00,13.2333,9.2875,3.5,49.9583
2022-08-20 00:00:00+00:00,11.0083,5.2542,2.5917,62.0
2022-08-21 00:00:00+00:00,9.1375,4.25,3.2583,65.75
2022-08-22 00:00:00+00:00,8.3792,3.9875,4.1708,73.625
2022-08-23 00:00:00+00:00,6.7583,3.7125,3.475,66.0833
2022-08-24 00:00:00+00:00,10.5792,5.6,4.5625,91.5
2022-08-25 00:00:00+00:00,14.4333,7.9667,4.6792,105.125
2022-08-26 00:00:00+00:00,12.0208,7.8125,6.0667,70.6667
2022-08-27 00:00:00+00:00,7.7292,4.7792,5.4333,60.0417
2022-08-28 00:00:00+00:00,9.8583,5.1917,5.4833,66.375
2022-08-29 00:00:00+00:00,10.2792,4.9292,4.8542,76.7917
2022-08-30 00:00:00+00:00,11.7042,5.3875,5.3708,89.75
2022-08-31 00:00:00+00:00,9.7208,5.2833,4.8417,79.875
2022-09-01 00:00:00+00:00,9.9917,5.8208,3.8292,77.0
2022-09-02 00:00:00+00:00,8.9667,5.7125,4.1542,84.3333
2022-09-03 00:00:00+00:00,7.5125,4.8542,3.8667,68.2083
2022-09-04 00:00:00+00:00,7.1208,4.5458,3.275,66.2083
2022-09-05 00:00:00+00:00,9.225,5.2167,4.6208,85.2083
2022-09-06 00:00:00+00:00,7.3333,5.0375,3.5333,74.0417
2022-09-07 00:00:00+00:00,7.1667,4.0667,3.2833,59.9167
2022-09-08 00:00:00+00:00,5.7708,3.7083,2.4292,54.9583
2022-09-09 00:00:00+00:00,6.2583,4.2833,2.875,52.6667
2022-09-10 00:00:00+00:00,7.6583,5.3792,2.65,56.0833
2022-09-11 00:00:00+00:00,11.375,7.9542,3.1,57.125
2022-09-12 00:00:00+00:00,6.8167,4.6917,4.4333,62.125
2022-09-13 00:00:00+00:00,7.175,3.9125,7.0042,46.2917
2022-09-14 00:00:00+00:00,9.5208,5.9792,5.1083,43.2917
2022-09-15 00:00:00+00:00,12.425,8.0708,7.1417,48.0833
2022-09-16 00:00:00+00:00,6.0458,3.5042,4.6625,49.2083
2022-09-17 00:00:00+00:00,5.9167,3.2667,4.2833,49.0833
2022-09-18 00:00:00+00:00,6.1833,4.3042,3.7792,50.0417
2022-09-19 00:00:00+00:00,7.9167,3.7333,5.4292,47.5417
2022-09-20 00:00:00+00:00,7.275,4.4667,9.025,41.5
2022-09-21 00:00:00+00:00,7.5417,4.7083,5.7375,50.6667
2022-09-22 00:00:00+00:00,7.55,5.25,6.0375,57.6667
2022-09-23 00:00:00+00:00,9.6,6.1292,7.0333,57.0
2022-09-24 00:00:00+00:00,10.0167,7.2083,5.175,53.3333
2022-09-25 00:00:00+00:00,7.0833,4.8875,4.5167,49.1667
2022-09-26 00:00:00+00:00,5.9292,3.9292,4.8167,48.1667
2022-09-27 00:00:00+00:00,5.9792,3.9458,4.1417,50.25
2022-09-28 00:00:00+00:00,7.3333,4.875,5.25,47.125
2022-09-29 00:00:00+00:00,6.3417,3.95,5.575,36.8333
2022-09-30 00:00:00+00:00,9.4833,6.2292,5.3667,44.0417
2022-10-01 00:00:00+00:00,6.5667,4.0792,2.225,58.3333
2022-10-02 00:00:00+00:00,6.9208,4.6417,3.6958,51.0417
2022-10-03 00:00:00+00:00,8.3542,5.4375,5.5208,40.25
2022-10-04 00:00:00+00:00,8.2833,5.3625,4.9,39.875
2022-10-05 00:00:00+00:00,7.9542,4.9708,3.4417,53.7917
2022-10-06 00:00:00+00:00,9.025,3.6542,4.3417,51.125
2022-10-07 00:00:00+00:00,8.0625,4.0583,5.2792,48.8333
2022-10-08 00:00:00+00:00,8.525,4.4458,5.7792,45.0833
2022-10-09 00:00:00+00:00,7.375,4.8792,4.9,48.6667
2022-10-10 00:00:00+00:00,13.2542,7.1542,6.4333,42.9583
2022-10-11 00:00:00+00:00,6.6708,3.725,6.2833,45.125
2022-10-12 00:00:00+00:00,11.8542,6.7792,6.6083,43.8333
2022-10-13 00:00:00+00:00,13.6333,8.9375,6.2417,43.9167
2022-10-14 00:00:00+00:00,5.8583,4.0333,5.0542,37.2917
2022-10-15 00:00:00+00:00,4.8375,3.4,3.7583,40.4167
2022-10-16 00:00:00+00:00,6.5708,4.2292,2.8125,43.75
2022-10-17 00:00:00+00:00,10.0625,5.3083,4.4667,44.4167
2022-10-18 00:00:00+00:00,8.2875,5.8417,7.0208,34.25
2022-10-19 00:00:00+00:00,12.1583,8.2625,6.4208,33.8333
2022-10-20 00:00:00+00:00,13.7,8.2333,5.0208,35.625
2022-10-21 00:00:00+00:00,7.075,4.2958,3.4583,48.9583
2022-10-22 00:00:00+00:00,7.7542,4.0458,3.4083,42.9167
2022-10-23 00:00:00+00:00,7.9708,4.2667,2.8417,44.7917
2022-10-24 00:00:00+00:00,9.0375,4.5417,2.5833,61.25
2022-10-25 00:00:00+00:00,7.7583,3.9375,3.7708,52.125
2022-10-26 00:00:00+00:00,8.1458,4.3583,5.575,46.1667
2022-10-27 00:00:00+00:00,13.4208,6.0167,5.5458,45.625
2022-10-28 00:00:00+00:00,24.3417,9.5208,5.9917,40.2917
2022-10-29 00:00:00+00:00,22.4833,9.2583,5.8167,41.625
2022-10-30 00:00:00+00:00,18.9042,8.8625,5.1875,49.0
2022-10-31 00:00:00+00:00,16.3833,8.3625,5.8458,41.0
2022-11-01 00:00:00+00:00,9.3208,4.3875,2.2167,61.4167
2022-11-02 00:00:00+00:00,9.7875,4.225,3.3042,54.75
2022-11-03 00:00:00+00:00,6.4958,4.1417,3.9583,50.375
2022-11-04 00:00:00+00:00,7.6958,5.4708,7.2958,47.4583
2022-11-05 00:00:00+00:00,12.1833,7.625,6.975,34.0417
2022-11-06 00:00:00+00:00,6.2292,4.225,2.5542,46.0417
2022-11-07 00:00:00+00:00,8.1708,4.55,3.4792,57.0
2022-11-08 00:00:00+00:00,6.9458,4.6083,3.9792,51.875
2022-11-09 00:00:00+00:00,7.1167,4.225,4.6792,53.1667
2022-11-10 00:00:00+00:00,7.9,4.5667,7.1125,39.5417
2022-11-11 00:00:00+00:00,6.9125,5.0375,5.5542,39.375
2022-11-12 00:00:00+00:00,7.2958,5.725,8.725,29.3333
2022-11-13 00:00:00+00:00,8.3708,6.6042,7.9292,38.0
2022-11-14 00:00:00+00:00,9.8,8.2042,8.3792,23.375
2022-11-15 00:00:00+00:00,6.3,4.5417,4.6167,46.125
2022-11-16 00:00:00+00:00,6.0208,3.7875,3.4917,55.3333
2022-11-17 00:00:00+00:00,6.3667,4.4125,4.1125,58.5833
2022-11-18 00:00:00+00:00,7.2583,4.5792,6.375,48.9167
2022-11-19 00:00:00+00:00,8.4917,5.9625,5.9542,39.2083
2022-11-20 00:00:00+00:00,8.3167,5.75,6.9625,40.0417
2022-11-21 00:00:00+00:00,6.3542,3.9208,4.0458,52.2083
2022-11-22 00:00:00+00:00,6.7292,4.2417,4.525,55.4167
2022-11-23 00:00:00+00:00,6.6833,3.9167,4.6125,53.125
2022-11-24 00:00:00+00:00,8.2458,4.2833,4.5958,54.75
2022-11-25 00:00:00+00:00,8.7167,5.2542,6.1875,47.2083
2022-11-26 00:00:00+00:00,8.7333,5.3792,6.3083,39.0
2022-11-27 00:00:00+00:00,6.3083,4.7917,4.0792,36.5417
2022-11-28 00:00:00+00:00,6.5583,5.1792,8.3708,29.9167
2022-11-29 00:00:00+00:00,11.1167,8.85,9.075,34.75
2022-11-30 00:00:00+00:00,14.875,11.5625,14.9708,23.1667
2022-12-01 00:00:00+00:00,16.8958,13.9542,19.0292,11.625
2022-12-02 00:00:00+00:00,17.9042,15.8125,16.6458,16.0417
2022-12-03 00:00:00+00:00,9.3208,8.4,8.3958,19.2083
2022-12-04 00:00:00+00:00,11.6292,10.525,7.3917,21.2083
2022-12-05 00:00:00+00:00,7.9667,7.0542,13.4375,5.4583
2022-12-06 00:00:00+00:00,12.5042,9.2708,15.1625,12.0417
2022-12-07 00:00:00+00:00,12.475,8.7708,10.3208,40.4167
2022-12-08 00:00:00+00:00,11.4292,8.4958,8.4667,45.5833
2022-12-09 00:00:00+00:00,11.2875,9.35,9.7792,32.5
2022-12-10 00:00:00+00:00,14.9083,12.1458,8.975,28.6667
2022-12-11 00:00:00+00:00,10.35,8.2208,4.7625,41.4167
2022-12-12 00:00:00+00:00,11.5708,9.6,8.8333,44.0417
2022-12-13 00:00:00+00:00,12.3792,9.6583,11.2,41.5417
2022-12-14 00:00:00+00:00,19.3875,16.2167,18.5583,28.4583
2022-12-15 00:00:00+00:00,20.9625,16.2042,21.8583,26.5833
2022-12-16 00:00:00+00:00,20.6625,16.2125,18.0042,33.625
2022-12-17 00:00:00+00:00,16.1708,13.0833,13.6708,30.125
2022-12-18 00:00:00+00:00,18.3958,16.0583,15.5042,34.5417
2022-12-19 00:00:00+00:00,9.1708,7.7292,7.4625,38.4167
2022-12-20 00:00:00+00:00,4.8167,4.0083,5.15,48.5
2022-12-21 00:00:00+00:00,5.2542,4.0417,5.0833,49.875
2022-12-22 00:00:00+00:00,4.7458,3.425,4.0333,59.25
2022-12-23 00:00:00+00:00,5.6292,3.8583,4.0333,57.875
2022-12-24 00:00:00+00:00,8.4958,5.4083,4.25,55.25
2022-12-25 00:00:00+00:00,5.3333,4.3042,2.6083,45.625
2022-12-26 00:00:00+00:00,5.7167,4.2125,3.5625,58.0
2022-12-27 00:00:00+00:00,6.8375,5.0208,5.8167,50.125
2022-12-28 00:00:00+00:00,5.7083,4.4625,3.35,55.125
2022-12-29 00:00:00+00:00,6.8542,4.0417,3.6958,61.7917
2022-12-30 00:00:00+00:00,4.9958,3.3958,3.3458,54.25
2022-12-31 00:00:00+00:00,6.3333,4.4083,1.8833,52.9583
2023-01-01 00:00:00+00:00,9.6333,5.9625,2.7083,50.7917
2023-01-02 00:00:00+00:00,6.8958,4.5083,3.7,57.625
2023-01-03 00:00:00+00:00,7.3625,4.5917,4.75,57.4167
2023-01-04 00:00:00+00:00,4.8458,3.3417,3.2708,59.125
2023-01-05 00:00:00+00:00,7.7917,4.5875,3.8792,59.2083
2023-01-06 00:00:00+00:00,5.6375,4.1,3.9333,56.7083
2023-01-07 00:00:00+00:00,5.3292,4.15,2.725,52.8333
2023-01-08 00:00:00+00:00,4.0458,3.0292,2.4292,66.1667
2023-01-09 00:00:00+00:00,5.8208,3.4292,3.6833,66.4167
2023-01-10 00:00:00+00:00,7.3417,4.1292,3.9417,56.0833
2023-01-11 00:00:00+00:00,5.9,3.6625,3.9208,60.7917
2023-01-12 00:00:00+00:00,6.4417,3.7375,3.6958,63.625
2023-01-13 00:00:00+00:00,7.7542,3.9125,3.3333,71.1667
2023-01-14 00:00:00+00:00,6.275,3.825,3.1167,60.9583
2023-01-15 00:00:00+00:00,5.3167,2.8917,2.7792,72.75
2023-01-16 00:00:00+00:00,4.2125,2.6542,3.5292,63.3333
2023-01-17 00:00:00+00:00,7.9708,5.5375,7.5917,46.9167
2023-01-18 00:00:00+00:00,14.4292,10.925,12.3667,36.3333
2023-01-19 00:00:00+00:00,10.4583,8.15,5.3667,47.0417
2023-01-20 00:00:00+00:00,10.3458,7.9083,7.0625,44.25
2023-01-21 00:00:00+00:00,14.9875,12.4667,12.8083,38.625
2023-01-22 00:00:00+00:00,17.5208,15.1875,10.2833,32.7917
2023-01-23 00:00:00+00:00,13.4,11.1875,9.7792,27.4583
2023-01-24 00:00:00+00:00,11.5208,9.8667,6.3,43.6667
2023-01-25 00:00:00+00:00,11.5,8.9667,9.1208,31.0833
2023-01-26 00:00:00+00:00,14.7083,12.2708,18.9208,23.25
2023-01-27 00:00:00+00:00,9.2208,7.15,11.975,39.4583
2023-01-28 00:00:00+00:00,14.2958,11.6833,9.975,45.4583
2023-01-29 00:00:00+00:00,22.225,18.975,7.3958,40.9167
2023-01-30 00:00:00+00:00,11.5833,7.8125,6.3542,50.25
2023-01-31 00:00:00+00:00,11.4542,7.3708,7.5958,43.4167
2023-02-01 00:00:00+00:00,10.925,6.4375,4.2917,63.5417
2023-02-02 00:00:00+00:00,8.2958,4.85,4.0333,63.0417
2023-02-03 00:00:00+00:00,6.3667,4.4917,4.8125,61.1667
2023-02-04 00:00:00+00:00,9.9875,7.675,7.6667,46.375
2023-02-05 00:00:00+00:00,13.6125,9.3833,5.9333,54.875
2023-02-06 00:00:00+00:00,11.5458,7.0958,9.8,49.6667
2023-02-07 00:00:00+00:00,9.5125,6.8,7.8917,47.9167
2023-02-08 00:00:00+00:00,11.2958,7.9125,10.0875,51.9167
2023-02-09 00:00:00+00:00,22.9083,17.2458,12.2417,43.5
2023-02-10 00:00:00+00:00,35.5125,29.7083,10.9708,38.5833
2023-02-11 00:00:00+00:00,26.2125,21.5458,8.025,35.1667
2023-02-12 00:00:00+00:00,16.1208,12.3208,6.5417,43.7917
2023-02-13 00:00:00+00:00,14.1875,11.075,10.9167,40.3333
2023-02-14 00:00:00+00:00,25.8958,21.7417,14.3667,39.0417
2023-02-15 00:00:00+00:00,32.9,26.7917,12.25,47.4583
2023-02-16 00:00:00+00:00,23.3375,18.6625,7.0667,53.3333
2023-02-17 00:00:00+00:00,6.575,5.2875,3.875,52.875
2023-02-18 00:00:00+00:00,4.9375,3.7708,3.0167,66.3333
2023-02-19 00:00:00+00:00,6.9458,5.025,3.8875,60.625
2023-02-20 00:00:00+00:00,11.8083,8.9125,4.7292,55.625
2023-02-21 00:00:00+00:00,16.8,12.9625,6.7,47.2083
2023-02-22 00:00:00+00:00,20.8333,16.7542,9.0833,38.9167
2023-02-23 00:00:00+00:00,18.3375,15.5625,9.0667,29.5
2023-02-24 00:00:00+00:00,13.375,10.125,7.4125,51.25
2023-02-25 00:00:00+00:00,8.6375,4.7583,5.3042,67.9583
2023-02-26 00:00:00+00:00,6.7292,4.5417,6.65,62.0417
2023-02-27 00:00:00+00:00,6.1875,4.0667,5.6208,62.1667
2023-02-28 00:00:00+00:00,7.825,5.4917,5.725,60.125
2023-03-01 00:00:00+00:00,17.6292,13.7917,9.1042,57.75
2023-03-02 00:00:00+00:00,20.2,14.8792,14.2583,49.7083
2023-03-03 00:00:00+00:00,27.4708,22.9292,19.5,26.75
2023-03-04 00:00:00+00:00,17.7292,12.9958,8.9542,54.4583
2023-03-05 00:00:00+00:00,8.8667,6.325,4.7458,62.2083
2023-03-06 00:00:00+00:00,16.1167,13.2125,5.1,53.2083
2023-03-07 00:00:00+00:00,10.7333,8.3542,5.2792,55.75
2023-03-08 00:00:00+00:00,5.9167,4.5375,4.5875,60.6667
2023-03-09 00:00:00+00:00,6.9792,4.3708,3.3875,73.8333
2023-03-10 00:00:00+00:00,4.8333,3.3833,4.4917,67.4167
2023-03-11 00:00:00+00:00,8.2125,4.6042,4.45,63.1667
2023-03-12 00:00:00+00:00,9.9875,6.1292,3.1625,64.4583
2023-03-13 00:00:00+00:00,5.3917,3.6625,2.5208,52.5
2023-03-14 00:00:00+00:00,5.3542,3.2458,4.4,70.75
2023-03-15 00:00:00+00:00,7.1667,5.2083,4.0583,62.5
2023-03-16 00:00:00+00:00,7.025,4.8792,4.2917,67.125
2023-03-17 00:00:00+00:00,9.5167,5.9,5.05,68.7917
2023-03-18 00:00:00+00:00,7.1917,5.3708,3.2125,66.4583
2023-03-19 00:00:00+00:00,5.9708,5.0208,3.7417,60.5833
2023-03-20 00:00:00+00:00,9.6625,6.8792,4.0,62.5417
2023-03-21 00:00:00+00:00,9.2042,6.6667,4.1,65.1667
2023-03-22 00:00:00+00:00,6.05,4.4208,3.2792,68.875
2023-03-23 00:00:00+00:00,5.0542,3.9,2.6125,74.0833
2023-03-24 00:00:00+00:00,5.7042,3.7292,3.2917,76.4583
2023-03-25 00:00:00+00:00,6.5458,3.8458,2.2542,76.9167
2023-03-26 00:00:00+00:00,5.3917,3.6333,3.1917,74.7917
2023-03-27 00:00:00+00:00,7.3458,4.2583,5.65,73.7917
2023-03-28 00:00:00+00:00,7.0375,4.3042,4.8,70.3333
2023-03-29 00:00:00+00:00,9.3417,5.8792,4.4167,64.25
2023-03-30 00:00:00+00:00,8.5667,5.3083,3.05,75.5
2023-03-31 00:00:00+00:00,6.3833,3.9458,2.4958,75.625
2023-04-01 00:00:00+00:00,3.7458,3.2083,3.7667,61.5417
2023-04-02 00:00:00+00:00,9.4083,7.6792,6.9292,48.9583
2023-04-03 00:00:00+00:00,5.1833,3.8708,3.6458,71.875
2023-04-04 00:00:00+00:00,6.9,4.925,5.0292,73.75
2023-04-05 00:00:00+00:00,11.5333,8.6958,8.7292,68.5
2023-04-06 00:00:00+00:00,12.4375,9.4208,6.3417,62.875
2023-04-07 00:00:00+00:00,9.7792,7.0167,5.9042,71.5833
2023-04-08 00:00:00+00:00,14.9833,11.9667,5.8333,62.0417
2023-04-09 00:00:00+00:00,15.0833,12.95,4.9667,60.875
2023-04-10 00:00:00+00:00,8.1417,5.9667,3.6667,72.625
2023-04-11 00:00:00+00:00,8.5417,4.5,2.4958,80.0
2023-04-12 00:00:00+00:00,4.825,3.1458,2.7208,79.7917
2023-04-13 00:00:00+00:00,8.125,4.4833,3.325,79.75
2023-04-14 00:00:00+00:00,7.0875,4.3875,4.4625,62.75
2023-04-15 00:00:00+00:00,7.3417,5.2292,4.5292,74.3333
2023-04-16 00:00:00+00:00,13.0833,10.45,5.8292,54.7083
2023-04-17 00:00:00+00:00,21.5375,17.7125,7.2042,57.0417
2023-04-18 00:00:00+00:00,15.925,12.6792,4.5292,70.6667
2023-04-19 00:00:00+00:00,10.5583,7.0125,4.0125,74.25
2023-04-20 00:00:00+00:00,9.375,6.6667,5.9583,78.7083
2023-04-21 00:00:00+00:00,9.6,7.8083,4.5375,71.25
2023-04-22 00:00:00+00:00,9.2167,7.2208,4.0125,62.75
2023-04-23 00:00:00+00:00,7.4417,5.125,2.2,66.25
2023-04-24 00:00:00+00:00,9.725,7.7583,3.1542,83.4583
2023-04-25 00:00:00+00:00,8.9583,5.6958,5.6125,71.25
2023-04-26 00:00:00+00:00,8.2583,5.2708,4.6292,72.7917
2023-04-27 00:00:00+00:00,12.2917,8.0958,4.9083,75.625
2023-04-28 00:00:00+00:00,5.7125,4.2208,3.0875,54.625
2023-04-29 00:00:00+00:00,15.8792,13.2167,4.75,65.3333
2023-04-30 00:00:00+00:00,13.2208,11.1708,3.2875,70.0833
2023-05-01 00:00:00+00:00,13.8958,11.2708,4.6958,70.1667
2023-05-02 00:00:00+00:00,13.9292,10.5542,4.2375,70.125
2023-05-03 00:00:00+00:00,11.4333,7.1917,3.9417,82.0
2023-05-04 00:00:00+00:00,10.2667,6.0667,4.0375,88.5
2023-05-05 00:00:00+00:00,6.9167,4.4542,3.3417,70.125
2023-05-06 00:00:00+00:00,5.9333,3.975,3.1708,58.0417
2023-05-07 00:00:00+00:00,5.625,4.3375,3.5625,51.375
2023-05-08 00:00:00+00:00,10.2583,7.8375,3.2333,51.0
2023-05-09 00:00:00+00:00,6.3792,4.7,3.1875,48.2083
2023-05-10 00:00:00+00:00,4.5792,3.3,2.8292,62.625
2023-05-11 00:00:00+00:00,7.0917,4.9125,2.8708,58.7917
2023-05-12 00:00:00+00:00,7.7417,6.425,3.85,55.7083
2023-05-13 00:00:00+00:00,10.8792,8.2833,4.3917,68.25
2023-05-14 00:00:00+00:00,25.0333,20.6333,4.6375,78.0833
2023-05-15 00:00:00+00:00,19.9833,15.9333,5.925,76.6667
2023-05-16 00:00:00+00:00,7.7625,4.9,3.35,69.875
2023-05-17 00:00:00+00:00,9.8583,5.9208,4.5417,72.125
2023-05-18 00:00:00+00:00,9.5542,5.5375,3.5333,74.75
2023-05-19 00:00:00+00:00,9.5542,5.7792,4.2625,78.8333
2023-05-20 00:00:00+00:00,9.0917,6.0917,3.6667,75.5
2023-05-21 00:00:00+00:00,19.5958,15.575,5.5917,68.6667
2023-05-22 00:00:00+00:00,30.175,24.0,6.3417,63.875
2023-05-23 00:00:00+00:00,17.6333,12.4833,4.3125,77.3333
2023-05-24 00:00:00+00:00,10.9458,6.4875,4.7167,70.5833
2023-05-25 00:00:00+00:00,14.0917,9.4708,5.2625,73.125
2023-05-26 00:00:00+00:00,17.2833,11.3667,5.8083,72.75
2023-05-27 00:00:00+00:00,10.6292,6.3,3.5125,85.9583
2023-05-28 00:00:00+00:00,10.6667,6.0292,4.2917,98.4167
2023-05-29 00:00:00+00:00,12.1625,7.0833,5.1208,74.8333
2023-05-30 00:00:00+00:00,11.8958,6.2333,6.2875,77.2083
2023-05-31 00:00:00+00:00,9.2792,5.1208,3.575,88.2083
2023-06-01 00:00:00+00:00,13.3042,7.5083,5.6208,86.3333
2023-06-02 00:00:00+00:00,14.5458,9.1833,4.5458,78.25
2023-06-03 00:00:00+00:00,10.55,5.8625,3.3375,82.375
2023-06-04 00:00:00+00:00,7.2417,4.7167,2.9917,91.1667
2023-06-05 00:00:00+00:00,9.1583,5.925,4.7125,99.875
2023-06-06 00:00:00+00:00,12.7667,7.3833,5.7792,94.9167
2023-06-07 00:00:00+00:00,14.125,9.3667,5.775,95.4583
2023-06-08 00:00:00+00:00,19.7083,15.3667,4.6625,83.3333
2023-06-09 00:00:00+00:00,11.7375,8.1083,3.7542,107.8333
2023-06-10 00:00:00+00:00,14.5042,10.0083,3.4833,109.4167
2023-06-11 00:00:00+00:00,12.0542,8.4375,3.0583,99.7083
2023-06-12 00:00:00+00:00,12.5042,7.8,4.1667,109.4583
2023-06-13 00:00:00+00:00,12.8458,6.8667,3.75,109.9583
2023-06-14 00:00:00+00:00,13.3292,7.1375,3.9292,110.5833
2023-06-15 00:00:00+00:00,11.0917,6.0708,3.9542,100.1667
2023-06-16 00:00:00+00:00,15.3042,8.5125,4.9958,120.4583
2023-06-17 00:00:00+00:00,14.1917,8.3792,4.4167,115.0417
2023-06-18 00:00:00+00:00,13.2333,8.1083,3.6833,106.2083
2023-06-19 00:00:00+00:00,7.8625,5.4667,3.0625,71.6667
2023-06-20 00:00:00+00:00,11.0875,6.7208,3.2167,77.4583
2023-06-21 00:00:00+00:00,10.4458,7.6667,3.9417,71.7083
2023-06-22 00:00:00+00:00,14.2625,10.575,6.3375,71.5833
2023-06-23 00:00:00+00:00,17.7833,13.1333,4.3458,78.4583
2023-06-24 00:00:00+00:00,8.7042,6.0292,3.7917,79.3333
2023-06-25 00:00:00+00:00,9.3875,6.2167,3.9167,100.125
2023-06-26 00:00:00+00:00,9.5917,4.7625,3.0208,76.6667
2023-06-27 00:00:00+00:00,10.7125,4.6292,3.2,69.9583
2023-06-28 00:00:00+00:00,11.7833,6.6375,4.1583,63.2083
2023-06-29 00:00:00+00:00,17.7625,12.1917,4.2125,54.4167
2023-06-30 00:00:00+00:00,8.2458,4.7792,3.2,68.875
2023-07-01 00:00:00+00:00,6.4875,3.85,2.1833,52.0417
2023-07-02 00:00:00+00:00,22.2292,13.7458,1.7458,73.0833
2023-07-03 00:00:00+00:00,12.1792,6.45,1.9292,70.9583
2023-07-04 00:00:00+00:00,10.2042,5.8042,2.1917,62.4167
2023-07-05 00:00:00+00:00,7.0875,3.7833,2.0125,57.2083
2023-07-06 00:00:00+00:00,6.9042,3.9292,2.7167,58.625
2023-07-07 00:00:00+00:00,7.875,5.4792,4.0083,84.1667
2023-07-08 00:00:00+00:00,11.9958,6.4458,3.7208,91.25
2023-07-09 00:00:00+00:00,11.2917,7.3125,3.5292,77.2083
2023-07-10 00:00:00+00:00,10.6875,6.8042,3.775,70.3333
2023-07-11 00:00:00+00:00,11.8,6.2583,3.3125,73.7917
2023-07-12 00:00:00+00:00,7.0333,3.5208,2.4417,60.7083
2023-07-13 00:00:00+00:00,7.6833,4.0,2.45,62.3333
2023-07-14 00:00:00+00:00,10.0583,4.8667,3.0042,73.0833
2023-07-15 00:00:00+00:00,8.1,4.3958,2.0292,59.75
2023-07-16 00:00:00+00:00,9.4833,4.3375,1.7042,59.5417
2023-07-17 00:00:00+00:00,8.4417,4.0125,2.4042,61.375
2023-07-18 00:00:00+00:00,8.5375,4.2583,3.0625,73.125
2023-07-19 00:00:00+00:00,8.1208,4.1542,3.5,67.0833
2023-07-20 00:00:00+00:00,7.1292,4.5083,2.475,67.625
2023-07-21 00:00:00+00:00,7.4667,4.7,3.7042,67.5
2023-07-22 00:00:00+00:00,9.3,5.3583,2.6833,68.2083
2023-07-23 00:00:00+00:00,6.2083,3.7542,2.3042,51.25
2023-07-24 00:00:00+00:00,5.3833,3.775,2.3125,47.5833
2023-07-25 00:00:00+00:00,6.9125,4.2917,4.4042,50.5
2023-07-26 00:00:00+00:00,6.85,4.3042,2.4792,60.5
2023-07-27 00:00:00+00:00,4.5583,3.4667,2.8792,45.4583
2023-07-28 00:00:00+00:00,3.7292,2.7542,2.6792,38.4583
2023-07-29 00:00:00+00:00,4.3417,3.0417,2.2375,41.2917
2023-07-30 00:00:00+00:00,6.4417,3.8042,1.5708,54.0417
2023-07-31 00:00:00+00:00,5.6333,3.9708,2.3125,53.2917
2023-08-01 00:00:00+00:00,5.2625,3.1583,1.8167,57.9583
2023-08-02 00:00:00+00:00,4.7,2.8,1.7708,57.125
2023-08-03 00:00:00+00:00,4.4625,3.2125,2.775,57.25
2023-08-04 00:00:00+00:00,6.7333,4.3,4.4167,54.625
2023-08-05 00:00:00+00:00,6.2667,4.0583,2.5125,47.375
2023-08-06 00:00:00+00:00,4.2625,2.7333,2.4708,60.4583
2023-08-07 00:00:00+00:00,5.325,3.6417,2.8875,56.5
2023-08-08 00:00:00+00:00,6.3208,3.775,2.575,52.3333
2023-08-09 00:00:00+00:00,5.9542,3.7167,2.7875,60.7917
2023-08-10 00:00:00+00:00,5.9083,3.475,3.7792,65.9583
2023-08-11 00:00:00+00:00,10.3792,5.8333,3.8625,70.4167
2023-08-12 00:00:00+00:00,5.675,4.0208,2.1667,48.125
2023-08-13 00:00:00+00:00,7.5667,4.3708,2.5667,51.5417
2023-08-14 00:00:00+00:00,7.8833,4.4833,2.7833,51.2083
2023-08-15 00:00:00+00:00,8.3833,4.6208,2.3083,57.625
2023-08-16 00:00:00+00:00,15.5542,10.3708,5.2,51.1667
2023-08-17 00:00:00+00:00,21.5,15.9042,4.4458,54.125
2023-08-18 00:00:00+00:00,13.1292,8.6083,3.9042,64.0417
2023-08-19 00:00:00+00:00,11.075,6.5542,3.1875,63.9583
2023-08-20 00:00:00+00:00,6.5417,4.2083,2.95,50.0833
2023-08-21 00:00:00+00:00,10.2667,5.2458,4.1583,64.9167
2023-08-22 00:00:00+00:00,10.3292,5.1208,4.2833,69.5833
2023-08-23 00:00:00+00:00,9.3958,4.6167,4.6417,65.7083
2023-08-24 00:00:00+00:00,9.725,5.4167,4.0167,62.25
2023-08-25 00:00:00+00:00,9.8417,6.05,2.8958,51.7917
2023-08-26 00:00:00+00:00,5.5708,3.5458,2.3542,56.2083
2023-08-27 00:00:00+00:00,4.3542,3.225,2.1917,49.625
2023-08-28 00:00:00+00:00,6.7125,4.5667,3.4792,47.2083
2023-08-29 00:00:00+00:00,12.0125,8.5625,3.5458,51.5417
2023-08-30 00:00:00+00:00,8.6875,5.7083,3.5333,45.25
2023-08-31 00:00:00+00:00,6.6333,3.9125,2.8917,54.9583
2023-09-01 00:00:00+00:00,4.65,3.1292,3.0833,36.125
2023-09-02 00:00:00+00:00,5.825,3.6125,2.6583,39.2083
2023-09-03 00:00:00+00:00,8.1,5.3292,3.2583,50.25
2023-09-04 00:00:00+00:00,7.65,4.6333,3.55,73.3333
2023-09-05 00:00:00+00:00,7.6375,4.8583,4.5292,77.5
2023-09-06 00:00:00+00:00,8.5083,4.7583,4.85,79.5
2023-09-07 00:00:00+00:00,12.0167,6.775,4.9708,94.375
2023-09-08 00:00:00+00:00,21.4375,10.1667,5.1208,91.875
2023-09-09 00:00:00+00:00,23.7083,9.8333,4.3458,87.2083
2023-09-10 00:00:00+00:00,20.2917,9.8125,3.9792,95.3333
2023-09-11 00:00:00+00:00,19.1542,10.1167,4.7708,92.6667
2023-09-12 00:00:00+00:00,15.1792,10.7208,4.2542,69.5417
2023-09-13 00:00:00+00:00,10.4958,6.8958,3.5125,48.2917
2023-09-14 00:00:00+00:00,6.0792,4.1042,3.9417,49.125
2023-09-15 00:00:00+00:00,6.75,4.625,4.8958,65.4583
2023-09-16 00:00:00+00:00,9.2042,5.7417,3.9083,62.625
2023-09-17 00:00:00+00:00,10.2458,6.0458,2.625,57.5833
2023-09-18 00:00:00+00:00,7.1333,4.5667,2.5458,62.5833
2023-09-19 00:00:00+00:00,7.3,3.7792,2.5792,55.75
2023-09-20 00:00:00+00:00,5.9417,3.725,2.375,60.9583
2023-09-21 00:00:00+00:00,5.5458,3.6958,2.925,59.6667
2023-09-22 00:00:00+00:00,4.2167,2.6833,2.925,56.75
2023-09-23 00:00:00+00:00,5.4625,3.7458,3.4167,45.7917
2023-09-24 00:00:00+00:00,5.1083,3.4042,3.05,51.75
2023-09-25 00:00:00+00:00,6.025,4.3542,4.7708,59.2083
2023-09-26 00:00:00+00:00,8.9958,5.7292,5.4125,61.8333
2023-09-27 00:00:00+00:00,9.9542,5.5667,5.0542,64.0
2023-09-28 00:00:00+00:00,9.375,5.0208,4.5417,55.4167
2023-09-29 00:00:00+00:00,7.2083,4.3042,4.2667,48.375
2023-09-30 00:00:00+00:00,7.6917,4.7792,3.9542,43.625
2023-10-01 00:00:00+00:00,8.7625,5.9042,3.2208,55.9167
2023-10-02 00:00:00+00:00,16.9333,11.7917,4.1917,67.7083
2023-10-03 00:00:00+00:00,10.8625,6.5333,3.3208,62.4167
2023-10-04 00:00:00+00:00,9.4167,4.9,4.2167,47.4583
2023-10-05 00:00:00+00:00,10.85,5.575,4.5042,45.4167
2023-10-06 00:00:00+00:00,11.175,6.5667,5.2625,49.6667
2023-10-07 00:00:00+00:00,12.525,6.7333,3.6292,61.0833
2023-10-08 00:00:00+00:00,13.55,6.3458,3.9458,53.9167
2023-10-09 00:00:00+00:00,15.2292,6.9417,5.5708,55.7083
2023-10-10 00:00:00+00:00,16.2833,7.4167,6.0208,56.6667
2023-10-11 00:00:00+00:00,23.225,9.9208,5.5667,66.2917
2023-10-12 00:00:00+00:00,18.0042,10.1667,4.5125,45.3333
2023-10-13 00:00:00+00:00,21.5208,10.1167,3.2458,54.5
2023-10-14 00:00:00+00:00,7.8792,3.9417,3.5333,52.1667
2023-10-15 00:00:00+00:00,6.4542,3.7125,4.4,45.125
2023-10-16 00:00:00+00:00,7.7083,3.5458,4.7917,47.7083
2023-10-17 00:00:00+00:00,7.2375,4.4083,6.2292,47.6667
2023-10-18 00:00:00+00:00,8.6333,4.9208,7.1,41.9583
2023-10-19 00:00:00+00:00,5.4,3.0667,2.9375,49.2917
2023-10-20 00:00:00+00:00,4.3708,2.875,3.6792,51.2083
2023-10-21 00:00:00+00:00,5.6042,3.1625,1.6,64.3333
2023-10-22 00:00:00+00:00,5.4875,3.225,2.7958,52.1667
2023-10-23 00:00:00+00:00,6.4167,4.0458,5.1167,42.0417
2023-10-24 00:00:00+00:00,5.4083,3.3,4.2833,51.2917
2023-10-25 00:00:00+00:00,4.8542,3.2625,4.1542,43.9167
2023-10-26 00:00:00+00:00,8.6,4.8708,4.4417,44.7917
2023-10-27 00:00:00+00:00,5.675,3.4458,3.5333,56.3333
2023-10-28 00:00:00+00:00,5.0375,3.0042,2.1875,61.5417
2023-10-29 00:00:00+00:00,4.6542,2.9958,1.8,62.7917
2023-10-30 00:00:00+00:00,4.6542,2.8625,3.0042,56.7917
2023-10-31 00:00:00+00:00,5.9625,3.6208,3.8833,53.875
2023-11-01 00:00:00+00:00,5.95,3.4042,2.0375,55.0833
2023-11-02 00:00:00+00:00,7.0333,3.3542,1.9625,68.0833
2023-11-03 00:00:00+00:00,6.6958,3.7375,3.1042,59.875
2023-11-04 00:00:00+00:00,4.4958,2.875,2.0542,58.1667
2023-11-05 00:00:00+00:00,4.4958,2.7292,2.3583,64.25
2023-11-06 00:00:00+00:00,6.1417,3.3417,3.4292,60.2917
2023-11-07 00:00:00+00:00,6.2542,3.4708,4.3542,58.9167
2023-11-08 00:00:00+00:00,6.1708,3.7667,3.4333,59.4167
2023-11-09 00:00:00+00:00,4.9708,3.0125,3.6958,63.5417
2023-11-10 00:00:00+00:00,5.9458,3.55,4.0042,60.6667
2023-11-11 00:00:00+00:00,8.3,5.3208,4.85,47.8333
2023-11-12 00:00:00+00:00,5.9958,3.8083,3.2458,46.2083
2023-11-13 00:00:00+00:00,5.9542,3.7375,3.6667,59.375
2023-11-14 00:00:00+00:00,7.9458,4.2,3.5625,64.9583
2023-11-15 00:00:00+00:00,6.6375,3.6208,4.1042,61.2917
2023-11-16 00:00:00+00:00,7.2292,4.7958,6.5375,48.875
2023-11-17 00:00:00+00:00,9.7083,6.6625,7.4667,46.1667
2023-11-18 00:00:00+00:00,6.5625,4.0708,4.35,48.125
2023-11-19 00:00:00+00:00,7.4708,4.1,2.7167,60.875
2023-11-20 00:00:00+00:00,6.6083,3.8708,4.2167,60.75
2023-11-21 00:00:00+00:00,10.5375,6.9708,8.2375,41.8333
2023-11-22 00:00:00+00:00,12.3458,9.2833,8.8,30.7917
2023-11-23 00:00:00+00:00,11.0417,7.175,6.0542,37.875
2023-11-24 00:00:00+00:00,7.0292,3.4292,4.9542,63.2083
2023-11-25 00:00:00+00:00,5.925,3.4417,5.375,56.7917
2023-11-26 00:00:00+00:00,10.9542,7.2208,5.3625,47.75
2023-11-27 00:00:00+00:00,5.1667,3.9042,5.5208,47.4583
2023-11-28 00:00:00+00:00,8.0292,6.2042,8.9167,34.875
2023-11-29 00:00:00+00:00,12.5958,9.9167,9.3042,30.3333
2023-11-30 00:00:00+00:00,11.7333,8.9917,8.9792,30.2083
2023-12-01 00:00:00+00:00,13.7708,11.2625,16.1292,30.4583
2023-12-02 00:00:00+00:00,17.0958,13.8958,11.7292,30.6667
2023-12-03 00:00:00+00:00,17.1583,14.7083,6.4333,32.0
2023-12-04 00:00:00+00:00,7.525,5.8833,5.9125,44.3333
2023-12-05 00:00:00+00:00,4.8042,3.8542,9.5375,32.2917
2023-12-06 00:00:00+00:00,13.3458,9.5375,7.7333,40.875
2023-12-07 00:00:00+00:00,10.1875,7.3917,7.3,46.75
2023-12-08 00:00:00+00:00,9.9458,6.3417,7.7208,36.8333
2023-12-09 00:00:00+00:00,7.15,3.75,3.275,64.3333
2023-12-10 00:00:00+00:00,10.2583,4.4708,2.7125,70.2917
2023-12-11 00:00:00+00:00,9.675,4.9625,4.2167,66.2917
2023-12-12 00:00:00+00:00,6.8292,4.0167,5.6375,50.1667
2023-12-13 00:00:00+00:00,6.1875,4.0,6.3667,58.3333
2023-12-14 00:00:00+00:00,10.0417,7.6208,9.5625,34.875
2023-12-15 00:00:00+00:00,12.875,7.8542,7.8375,31.7083
2023-12-16 00:00:00+00:00,11.5833,7.8958,6.0667,36.2083
2023-12-17 00:00:00+00:00,9.5917,6.9042,5.3375,36.7917
2023-12-18 00:00:00+00:00,10.9125,8.3375,7.2292,25.5
2023-12-19 00:00:00+00:00,6.7958,4.8125,6.0792,39.4167
2023-12-20 00:00:00+00:00,6.1042,3.8958,4.7208,56.4167
2023-12-21 00:00:00+00:00,4.3,2.7042,3.5,66.625
2023-12-22 00:00:00+00:00,6.0958,3.6792,3.7292,68.0833
2023-12-23 00:00:00+00:00,5.4333,3.2167,2.7125,71.375
2023-12-24 00:00:00+00:00,4.9958,3.2583,2.5292,67.4583
2023-12-25 00:00:00+00:00,4.8375,3.0917,2.725,65.0417
2023-12-26 00:00:00+00:00,7.3542,4.4333,3.6958,61.9583
2023-12-27 00:00:00+00:00,6.8375,4.2917,3.7833,54.4167
2023-12-28 00:00:00+00:00,5.3917,3.6708,3.6833,59.75
2023-12-29 00:00:00+00:00,5.95,3.3125,3.45,66.25
2023-12-30 00:00:00+00:00,6.525,3.9125,3.4167,63.8333
2023-12-31 00:00:00+00:00,5.7708,3.175,2.2833,65.7917
2024-01-01 00:00:00+00:00,8.7167,5.1375,12.1958,55.1667
2024-01-02 00:00:00+00:00,5.5208,3.5417,10.55,58.7083
2024-01-03 00:00:00+00:00,7.9875,3.9042,11.3375,59.375
2024-01-04 00:00:00+00:00,12.0375,9.0333,23.4167,31.8333
2024-01-05 00:00:00+00:00,7.8375,6.1708,20.4125,36.9583
2024-01-06 00:00:00+00:00,6.5583,5.2458,9.5917,41.4167
2024-01-07 00:00:00+00:00,6.9292,5.9375,6.1208,61.5833
2024-01-08 00:00:00+00:00,6.9417,5.8208,7.0417,59.9167
2024-01-09 00:00:00+00:00,9.2917,8.1958,10.8625,58.75
2024-01-10 00:00:00+00:00,15.2542,13.3917,19.4833,45.7917
2024-01-11 00:00:00+00:00,23.0125,17.3542,34.825,21.2083
2024-01-12 00:00:00+00:00,23.4083,14.4375,44.7375,12.9583
2024-01-13 00:00:00+00:00,11.2542,7.6792,23.3625,36.125
2024-01-14 00:00:00+00:00,8.1583,5.5917,17.0917,45.5833
2024-01-15 00:00:00+00:00,13.0208,4.5958,9.3583,61.375
2024-01-16 00:00:00+00:00,13.8333,8.7875,25.1208,45.4167
2024-01-17 00:00:00+00:00,27.825,21.8583,38.0625,21.7083
2024-01-18 00:00:00+00:00,15.0,9.6792,44.0333,19.75
2024-01-19 00:00:00+00:00,13.2042,8.7833,28.275,36.875
2024-01-20 00:00:00+00:00,17.7875,15.0167,22.3792,36.4167
2024-01-21 00:00:00+00:00,8.9292,7.1542,7.5792,58.6667
2024-01-22 00:00:00+00:00,9.225,4.7,9.0167,64.6667
2024-01-23 00:00:00+00:00,12.2917,6.4875,13.275,58.2917
2024-01-24 00:00:00+00:00,11.55,5.3458,10.425,64.0
2024-01-25 00:00:00+00:00,20.7417,14.0083,30.6417,27.75
2024-01-26 00:00:00+00:00,10.7958,6.7833,13.4292,54.7917
2024-01-27 00:00:00+00:00,23.2,16.0792,32.4083,25.7917
2024-01-28 00:00:00+00:00,18.1125,13.8208,18.6375,36.2083
2024-01-29 00:00:00+00:00,20.5958,16.9667,24.0542,23.375
2024-01-30 00:00:00+00:00,15.9792,11.6667,15.6333,41.8333
2024-01-31 00:00:00+00:00,14.95,10.6333,21.3417,42.5833
2024-02-01 00:00:00+00:00,16.7625,9.0,22.1542,46.625
2024-02-02 00:00:00+00:00,16.8583,10.6208,24.5667,40.5417
2024-02-03 00:00:00+00:00,15.8333,11.3583,17.4458,45.0
2024-02-04 00:00:00+00:00,12.0167,8.3375,12.9833,49.7917
2024-02-05 00:00:00+00:00,18.8792,12.0958,11.5667,57.0
2024-02-06 00:00:00+00:00,15.0958,8.7375,8.5417,64.0
2024-02-07 00:00:00+00:00,15.8625,8.8708,21.5417,51.5417
2024-02-08 00:00:00+00:00,19.2042,14.4792,22.8083,36.2917
2024-02-09 00:00:00+00:00,12.1542,9.725,12.5958,47.6667
2024-02-10 00:00:00+00:00,13.1542,11.25,15.0375,34.7083
2024-02-11 00:00:00+00:00,14.8708,12.0625,25.7,24.25
2024-02-12 00:00:00+00:00,17.5,12.925,34.6125,26.0
2024-02-13 00:00:00+00:00,15.2208,10.775,20.6833,48.4167
2024-02-14 00:00:00+00:00,8.5583,7.2125,13.8458,50.6667
2024-02-15 00:00:00+00:00,13.025,11.2292,18.3417,43.5417
2024-02-16 00:00:00+00:00,13.1,10.7833,21.55,31.1667
2024-02-17 00:00:00+00:00,19.45,14.1083,31.8958,23.0417
2024-02-18 00:00:00+00:00,7.2542,5.775,10.575,56.9167
2024-02-19 00:00:00+00:00,14.0458,10.7167,18.5583,49.0833
2024-02-20 00:00:00+00:00,18.9167,13.05,21.6625,44.7083
2024-02-21 00:00:00+00:00,11.7708,8.2042,12.0417,63.2083
2024-02-22 00:00:00+00:00,6.2875,4.6875,11.1917,54.25
2024-02-23 00:00:00+00:00,10.1167,6.4542,11.4583,58.25
2024-02-24 00:00:00+00:00,12.4833,10.3833,12.7875,47.625
2024-02-25 00:00:00+00:00,11.0083,8.8208,10.4125,52.2917
2024-02-26 00:00:00+00:00,11.25,10.0,8.3917,48.875
2024-02-27 00:00:00+00:00,12.6792,10.6917,19.9125,44.5833
2024-02-28 00:00:00+00:00,19.3792,15.8292,34.4958,26.5
2024-02-29 00:00:00+00:00,11.2917,9.5417,12.0833,47.5
2024-03-01 00:00:00+00:00,9.2583,6.9583,11.7458,57.5
2024-03-02 00:00:00+00:00,6.4208,4.4667,6.3375,65.8333
2024-03-03 00:00:00+00:00,12.6083,10.575,16.5375,47.75
2024-03-04 00:00:00+00:00,11.3208,8.85,17.4167,53.0417
2024-03-05 00:00:00+00:00,26.375,21.9292,31.9542,22.0833
2024-03-06 00:00:00+00:00,31.4667,27.775,32.6958,20.0417
2024-03-07 00:00:00+00:00,24.7,22.0458,13.825,38.4167
2024-03-08 00:00:00+00:00,19.8833,18.3458,9.9625,60.5417
2024-03-09 00:00:00+00:00,17.6542,16.1208,11.0917,55.6667
2024-03-10 00:00:00+00:00,16.2917,14.7583,7.85,56.375
2024-03-11 00:00:00+00:00,18.0958,16.5125,18.7375,34.7083
2024-03-12 00:00:00+00:00,16.05,13.3333,17.9958,46.0
2024-03-13 00:00:00+00:00,14.0417,11.0042,22.0208,38.1667
2024-03-14 00:00:00+00:00,13.6458,11.7208,16.1042,46.25
2024-03-15 00:00:00+00:00,10.5292,8.2042,11.7125,60.875
2024-03-16 00:00:00+00:00,11.7917,6.7917,12.2792,63.7917
2024-03-17 00:00:00+00:00,15.4083,12.675,12.575,50.2917
2024-03-18 00:00:00+00:00,20.6792,15.8042,27.05,37.8333
2024-03-19 00:00:00+00:00,23.7792,18.8292,25.2167,42.2083
2024-03-20 00:00:00+00:00,31.8083,26.2708,37.8708,26.8333
2024-03-21 00:00:00+00:00,15.525,12.2458,29.8542,30.5833
2024-03-22 00:00:00+00:00,17.675,14.1875,23.1625,42.75
2024-03-23 00:00:00+00:00,12.2833,8.4792,15.0792,63.25
2024-03-24 00:00:00+00:00,10.1833,4.9083,5.9958,69.4583
2024-03-25 00:00:00+00:00,16.4542,11.0167,18.0583,51.75
2024-03-26 00:00:00+00:00,18.1542,14.975,17.8333,50.9167
2024-03-27 00:00:00+00:00,12.6875,10.3375,14.1333,55.75
2024-03-28 00:00:00+00:00,8.9958,6.7333,9.2625,61.5
2024-03-29 00:00:00+00:00,7.3792,5.5708,10.075,74.1667
2024-03-30 00:00:00+00:00,12.4333,9.9333,18.2,42.75
2024-03-31 00:00:00+00:00,15.4042,13.7792,13.9125,48.5417
2024-04-01 00:00:00+00:00,10.0917,8.3667,14.9542,51.4583
2024-04-02 00:00:00+00:00,11.2208,8.6875,15.0917,54.4583
2024-04-03 00:00:00+00:00,9.2333,6.9125,10.8375,61.2917
2024-04-04 00:00:00+00:00,9.5167,5.9958,10.1167,73.7917
2024-04-05 00:00:00+00:00,9.8583,6.8542,10.6333,65.2083
2024-04-06 00:00:00+00:00,13.2917,8.3875,10.1208,61.7917
2024-04-07 00:00:00+00:00,9.5292,6.5417,7.7875,75.875
2024-04-08 00:00:00+00:00,16.4333,13.1375,15.9083,54.625
2024-04-09 00:00:00+00:00,10.9083,7.2208,9.8583,68.9583
2024-04-10 00:00:00+00:00,12.1792,7.2125,11.0708,71.6667
2024-04-11 00:00:00+00:00,12.7583,9.575,16.6167,48.625
2024-04-12 00:00:00+00:00,11.4292,8.3167,11.85,58.375
2024-04-13 00:00:00+00:00,12.2625,9.1667,12.6708,61.7917
2024-04-14 00:00:00+00:00,12.45,7.6083,10.5833,71.5833
2024-04-15 00:00:00+00:00,11.3292,7.2292,9.625,73.75
2024-04-16 00:00:00+00:00,8.7958,5.1083,7.4833,76.5833
2024-04-17 00:00:00+00:00,8.575,5.5042,11.4,69.2083
2024-04-18 00:00:00+00:00,8.8583,5.6125,11.8625,71.6667
2024-04-19 00:00:00+00:00,9.7792,4.7375,8.1875,69.7083
2024-04-20 00:00:00+00:00,9.8125,3.5625,5.2667,78.8333
2024-04-21 00:00:00+00:00,8.8208,5.4417,5.7417,78.5833
2024-04-22 00:00:00+00:00,8.7625,6.6625,8.6875,75.7083
2024-04-23 00:00:00+00:00,10.9125,9.0083,9.6208,75.125
2024-04-24 00:00:00+00:00,9.2667,4.4833,8.5958,74.9167
2024-04-25 00:00:00+00:00,12.775,8.8333,15.7458,65.25
2024-04-26 00:00:00+00:00,12.675,10.45,21.975,57.0833
2024-04-27 00:00:00+00:00,12.2458,10.5292,10.9542,55.2083
2024-04-28 00:00:00+00:00,7.1167,5.0917,7.0375,74.6667
2024-04-29 00:00:00+00:00,11.7417,9.4958,13.0375,58.7083
2024-04-30 00:00:00+00:00,21.3958,15.7625,14.3083,62.2917
2024-05-01 00:00:00+00:00,28.0167,21.275,10.9458,74.25
2024-05-02 00:00:00+00:00,17.3375,14.5375,13.1292,72.5833
2024-05-03 00:00:00+00:00,12.3833,9.5667,17.4333,59.125
2024-05-04 00:00:00+00:00,9.7167,7.4083,10.2,62.4583
2024-05-05 00:00:00+00:00,11.1292,10.1333,14.2167,59.9167
2024-05-06 00:00:00+00:00,14.4583,12.75,7.1542,74.7083
2024-05-07 00:00:00+00:00,11.3,9.2708,6.7125,78.5833
2024-05-08 00:00:00+00:00,11.6833,8.5125,11.8458,68.375
2024-05-09 00:00:00+00:00,22.3625,19.6167,17.2667,64.375
2024-05-10 00:00:00+00:00,28.0292,24.5708,15.1125,64.25
2024-05-11 00:00:00+00:00,9.2167,7.55,4.7125,66.875
2024-05-12 00:00:00+00:00,11.1542,8.7833,5.2458,84.25
2024-05-13 00:00:00+00:00,12.0792,9.9292,9.875,72.5417
2024-05-14 00:00:00+00:00,12.7,10.3708,11.675,77.2083
2024-05-15 00:00:00+00:00,20.6208,18.8417,20.9917,51.375
2024-05-16 00:00:00+00:00,19.2458,18.0083,27.225,47.7083
2024-05-17 00:00:00+00:00,17.2417,15.7042,22.6875,57.0833
2024-05-18 00:00:00+00:00,14.525,12.3417,9.8875,71.7917
2024-05-19 00:00:00+00:00,15.4833,12.4458,11.1875,72.2917
2024-05-20 00:00:00+00:00,11.0917,7.7792,7.6708,80.25
2024-05-21 00:00:00+00:00,14.775,12.7792,9.85,78.4583
2024-05-22 00:00:00+00:00,11.95,10.8125,13.5083,78.5417
2024-05-23 00:00:00+00:00,12.9833,10.6333,13.3083,67.9583
2024-05-24 00:00:00+00:00,17.9917,16.3375,17.0625,55.5417
2024-05-25 00:00:00+00:00,9.0042,6.8667,11.5917,69.4583
2024-05-26 00:00:00+00:00,12.8333,11.2292,10.4833,67.0833
2024-05-27 00:00:00+00:00,14.1208,9.7667,15.9708,49.875
2024-05-28 00:00:00+00:00,12.1833,8.7333,12.5667,63.0833
2024-05-29 00:00:00+00:00,9.6125,6.75,11.2833,59.3333
2024-05-30 00:00:00+00:00,14.1042,10.1542,17.7958,56.5
2024-05-31 00:00:00+00:00,11.0792,6.4083,8.7333,72.75
2024-06-01 00:00:00+00:00,13.325,6.6167,5.6917,78.625
2024-06-02 00:00:00+00:00,17.8542,9.5167,5.2625,83.25
2024-06-03 00:00:00+00:00,16.0542,10.1292,14.825,60.5417
2024-06-04 00:00:00+00:00,20.4208,16.3208,20.7542,49.2083
2024-06-05 00:00:00+00:00,10.6833,6.1583,10.275,65.2917
2024-06-06 00:00:00+00:00,16.4792,12.0958,15.1792,64.75
2024-06-07 00:00:00+00:00,17.2083,12.9375,19.0167,55.5417
2024-06-08 00:00:00+00:00,13.6875,10.6417,13.6417,54.5
2024-06-09 00:00:00+00:00,10.6708,6.95,16.1208,56.5417
2024-06-10 00:00:00+00:00,8.6417,6.3875,17.5792,47.3333
2024-06-11 00:00:00+00:00,9.7542,4.4208,6.3583,65.0417
2024-06-12 00:00:00+00:00,10.1958,6.3958,9.3417,61.875
2024-06-13 00:00:00+00:00,18.5708,14.5542,15.4292,61.0833
2024-06-14 00:00:00+00:00,8.6875,6.9,10.0667,62.8333
2024-06-15 00:00:00+00:00,6.3833,3.825,6.9792,56.5417
2024-06-16 00:00:00+00:00,8.0792,4.9875,6.5292,55.125
2024-06-17 00:00:00+00:00,12.0042,7.6667,15.525,49.875
2024-06-18 00:00:00+00:00,18.7292,14.6,20.4917,43.875
2024-06-19 00:00:00+00:00,12.4542,8.2458,9.0042,67.3333
2024-06-20 00:00:00+00:00,9.7125,6.075,7.3042,62.8333
2024-06-21 00:00:00+00:00,13.2458,9.8292,13.2792,64.2083
2024-06-22 00:00:00+00:00,11.9583,8.3542,15.7333,54.9583
2024-06-23 00:00:00+00:00,14.3875,10.9958,17.9292,54.875
2024-06-24 00:00:00+00:00,17.2042,12.1792,14.1583,69.5833
2024-06-25 00:00:00+00:00,13.4917,10.0333,7.6208,83.25
2024-06-26 00:00:00+00:00,13.3708,10.3125,8.8792,83.25
2024-06-27 00:00:00+00:00,20.2292,16.025,19.1458,77.0417
2024-06-28 00:00:00+00:00,12.3625,6.7583,13.3667,54.875
2024-06-29 00:00:00+00:00,15.2375,10.0958,10.7167,71.1667
2024-06-30 00:00:00+00:00,11.8167,6.7125,7.1708,69.6667
2024-07-01 00:00:00+00:00,9.5542,5.1667,9.4958,55.3333
2024-07-02 00:00:00+00:00,11.4458,6.2,12.9458,46.7917
2024-07-03 00:00:00+00:00,10.4583,7.9375,20.6542,44.8333
2024-07-04 00:00:00+00:00,11.2208,5.4292,8.1333,67.375
2024-07-05 00:00:00+00:00,10.9375,6.8792,12.2917,44.5833
2024-07-06 00:00:00+00:00,7.1875,4.7,7.7958,53.7917
2024-07-07 00:00:00+00:00,7.725,4.7458,9.4458,46.9583
2024-07-08 00:00:00+00:00,13.1417,9.1417,13.5458,43.7083
2024-07-09 00:00:00+00:00,12.1542,9.2042,10.7458,73.5417
2024-07-10 00:00:00+00:00,10.6542,7.8792,16.3417,51.0
2024-07-11 00:00:00+00:00,9.75,7.2667,13.9875,60.0
2024-07-12 00:00:00+00:00,9.4958,5.4292,9.9625,53.2083
2024-07-13 00:00:00+00:00,7.7708,4.825,14.1,50.6667
2024-07-14 00:00:00+00:00,13.4708,10.7708,12.8083,65.75
2024-07-15 00:00:00+00:00,12.9208,10.7333,12.6167,76.4167
2024-07-16 00:00:00+00:00,6.8333,4.8667,10.6542,63.4583
2024-07-17 00:00:00+00:00,11.625,9.3167,18.1292,59.9583
2024-07-18 00:00:00+00:00,26.5042,23.0792,16.7167,73.125
2024-07-19 00:00:00+00:00,17.4,13.8667,11.4458,89.4583
2024-07-20 00:00:00+00:00,16.1875,13.0792,11.8292,88.4583
2024-07-21 00:00:00+00:00,15.2375,12.3583,18.2375,56.0833
2024-07-22 00:00:00+00:00,9.5042,6.4583,13.7708,50.625
2024-07-23 00:00:00+00:00,9.0917,5.9125,11.575,54.7917
2024-07-24 00:00:00+00:00,9.2875,4.6583,10.7667,59.5
2024-07-25 00:00:00+00:00,13.075,9.5042,16.6,55.8333
2024-07-26 00:00:00+00:00,10.6083,8.3083,16.4083,46.5
2024-07-27 00:00:00+00:00,20.7458,13.8583,19.2,47.5417
2024-07-28 00:00:00+00:00,15.5125,10.3125,11.5542,68.5833
2024-07-29 00:00:00+00:00,13.5167,9.1458,7.8583,75.9167
2024-07-30 00:00:00+00:00,17.4667,13.85,11.5833,90.875
2024-07-31 00:00:00+00:00,15.4375,11.675,8.1833,83.6667
2024-08-01 00:00:00+00:00,13.2458,9.4,7.8667,65.875
2024-08-02 00:00:00+00:00,13.7167,9.5958,9.4542,75.625
2024-08-03 00:00:00+00:00,19.4917,14.8,22.3083,43.625
2024-08-04 00:00:00+00:00,12.9875,6.6792,11.9667,51.7917
2024-08-05 00:00:00+00:00,20.7125,14.1792,14.6167,54.5417
2024-08-06 00:00:00+00:00,20.3583,15.5375,13.7958,73.9167
2024-08-07 00:00:00+00:00,11.6708,7.4667,18.5958,52.375
2024-08-08 00:00:00+00:00,15.0,8.4917,11.5208,63.0417
2024-08-09 00:00:00+00:00,10.975,6.8583,11.5958,61.25
2024-08-10 00:00:00+00:00,13.7208,8.2667,16.15,53.8333
2024-08-11 00:00:00+00:00,15.625,10.225,17.2417,55.5417
2024-08-12 00:00:00+00:00,14.2167,10.3208,8.6875,83.4583
2024-08-13 00:00:00+00:00,19.3125,13.7667,24.0,58.7917
2024-08-14 00:00:00+00:00,11.4458,8.8,22.6125,45.8333
2024-08-15 00:00:00+00:00,16.25,11.5208,23.4917,51.5417
2024-08-16 00:00:00+00:00,9.0875,6.15,15.5625,45.2917
2024-08-17 00:00:00+00:00,9.8417,6.8,9.2208,68.1667
2024-08-18 00:00:00+00:00,14.225,10.1042,10.95,62.3333
2024-08-19 00:00:00+00:00,23.0042,17.6125,15.6333,64.5417
2024-08-20 00:00:00+00:00,19.4625,15.0292,13.5583,62.2917
2024-08-21 00:00:00+00:00,12.2417,5.6208,9.8458,51.5417
2024-08-22 00:00:00+00:00,13.9167,8.0667,10.25,62.7917
2024-08-23 00:00:00+00:00,11.75,6.725,11.475,58.4167
2024-08-24 00:00:00+00:00,8.0708,5.625,8.8042,56.4583
2024-08-25 00:00:00+00:00,9.375,5.4458,13.5542,56.8333
2024-08-26 00:00:00+00:00,13.875,9.15,13.8208,53.3333
2024-08-27 00:00:00+00:00,19.1583,14.0,14.6458,62.7083
2024-08-28 00:00:00+00:00,19.0417,15.0625,15.9667,73.7917
2024-08-29 00:00:00+00:00,19.45,15.4125,21.7375,52.2083
2024-08-30 00:00:00+00:00,19.0042,13.8208,15.5167,58.875
2024-08-31 00:00:00+00:00,12.0583,8.1333,3.95,73.9583
2024-09-01 00:00:00+00:00,13.35,10.4792,5.1458,81.75
2024-09-02 00:00:00+00:00,20.2458,16.0125,18.0458,70.7083
2024-09-03 00:00:00+00:00,24.5833,21.3333,24.6042,45.0833
2024-09-04 00:00:00+00:00,19.8875,15.9458,27.0125,38.0
2024-09-05 00:00:00+00:00,20.4542,13.7292,9.075,83.8333
2024-09-06 00:00:00+00:00,28.575,19.05,9.925,79.5
2024-09-07 00:00:00+00:00,18.3167,16.2292,12.7792,75.0
2024-09-08 00:00:00+00:00,6.5125,4.8083,7.325,67.5833
2024-09-09 00:00:00+00:00,8.8667,5.0167,11.2875,57.8333
2024-09-10 00:00:00+00:00,11.4875,6.9417,13.4458,47.7917
2024-09-11 00:00:00+00:00,8.0208,4.3333,10.3875,48.9167
2024-09-12 00:00:00+00:00,7.8625,4.8,21.8292,32.7917
2024-09-13 00:00:00+00:00,10.05,5.1875,16.8417,44.75
2024-09-14 00:00:00+00:00,11.1708,7.2583,18.9333,49.0833
2024-09-15 00:00:00+00:00,19.1083,14.7042,26.6958,40.9167
2024-09-16 00:00:00+00:00,11.625,7.7667,23.4042,40.0833
2024-09-17 00:00:00+00:00,9.325,5.6625,6.0417,61.7083
2024-09-18 00:00:00+00:00,16.4958,13.0167,6.5792,65.625
2024-09-19 00:00:00+00:00,14.5958,11.7875,6.8917,67.9167
2024-09-20 00:00:00+00:00,18.9125,14.5458,7.1083,65.5
2024-09-21 00:00:00+00:00,22.2125,17.3542,10.575,59.0
2024-09-22 00:00:00+00:00,24.2458,19.2,13.1875,56.4167
2024-09-23 00:00:00+00:00,13.9375,11.1333,15.0667,55.125
2024-09-24 00:00:00+00:00,12.7417,9.4917,14.1792,55.5
2024-09-25 00:00:00+00:00,12.75,10.6833,17.5917,51.0417
2024-09-26 00:00:00+00:00,5.2833,3.675,12.2583,49.4583
2024-09-27 00:00:00+00:00,7.2917,3.0417,8.1667,56.3333
2024-09-28 00:00:00+00:00,11.575,4.4292,11.1083,59.75
2024-09-29 00:00:00+00:00,13.825,9.4333,18.075,47.75
2024-09-30 00:00:00+00:00,7.9792,5.2958,10.7833,51.75
2024-10-01 00:00:00+00:00,7.7417,5.35,14.0958,46.5
2024-10-02 00:00:00+00:00,10.3542,9.3375,12.2458,44.4583
2024-10-03 00:00:00+00:00,8.1333,5.4208,8.5625,56.1667
2024-10-04 00:00:00+00:00,11.5292,8.6417,13.85,47.2917
2024-10-05 00:00:00+00:00,15.3458,12.4375,14.6583,43.2917
2024-10-06 00:00:00+00:00,11.4792,9.5583,12.625,43.75
2024-10-07 00:00:00+00:00,10.8792,7.3667,13.575,44.9583
2024-10-08 00:00:00+00:00,9.1792,6.9208,13.1667,43.2917
2024-10-09 00:00:00+00:00,7.3875,5.4417,16.5833,39.875
2024-10-10 00:00:00+00:00,12.0708,5.2667,15.4,48.7083
2024-10-11 00:00:00+00:00,15.4542,8.3583,24.3167,38.625
2024-10-12 00:00:00+00:00,17.0333,13.0292,18.1292,35.5
2024-10-13 00:00:00+00:00,12.1875,4.9542,12.2667,50.625
